rhakhis_wfo,taxonid,family,genus,specificepithet,infraspecificepithet,scientfiicname,scientfiicnameauthorship,taxonrank,taxonomicstatus,acceptednameusageid,parentnameusageid,originalnameusageid,namepublishedin,nomenclaturalstatus,taxonremarks,scientificnameid,references,rhakhis_parent,rhakhis_accepted,rhakhis_pk,rhakhis_skip,rhakhis_rank,rhakhis_status,rhakhis_basionym,subfamily
wfo-0000166788,2763517,Fabaceae,Dialium,pobeguinii,,Dialium pobeguinii,Pellegr.,Species,Accepted,2763517,2763452,,Bull. Soc. Bot. France 88: 449 (1941),,Guinea to Sierra Leone,ipni:492348-1,https://powo.science.kew.org/taxon/urn:lsid:ipni.org:names:492348-1,wfo-4000011286,,437,,,,,Dialioideae
wfo-0000166709,2766799,Fabaceae,Dicorynia,macrophylla,,Dicorynia macrophylla,Ducke,Species,Synonym,2766804,,,"Bull. Mus. Natl. Hist. Nat., sér. 2, 4: 731 (1932)",,,ipni:79813-2,https://powo.science.kew.org/taxon/urn:lsid:ipni.org:names:79813-2,,wfo-0000164346,708,,,,,Dialioideae
wfo-0000166877,2763502,Fabaceae,Dialium,mayumbense,,Dialium mayumbense,Baker f.,Species,Synonym,2763530,,,J. Bot. 66(Suppl. 1): 137 (1928),,,ipni:492336-1,https://powo.science.kew.org/taxon/urn:lsid:ipni.org:names:492336-1,,wfo-0000166869,870,,,,,Dialioideae
wfo-0001057652,2763526,Fabaceae,Dialium,silvestre,,Dialium silvestre,de Wit,Species,Synonym,3256460,,,Blumea 7: 321 (1953),,,ipni:492357-1,https://powo.science.kew.org/taxon/urn:lsid:ipni.org:names:492357-1,,wfo-0000205625,909,,,,,Dialioideae
wfo-4000012217,2773184,Fabaceae,Distemonanthus,,,Distemonanthus,Benth.,Genus,Accepted,2773184,,,"G.Bentham & J.D.Hooker, Gen. Pl. 1: 573 (1865)",,W. & WC. Trop. Africa,ipni:22286-1,https://powo.science.kew.org/taxon/urn:lsid:ipni.org:names:22286-1,wfo-4100002417,,1274,,,,,Dialioideae
wfo-4000002727,2644313,Fabaceae,Apoleya,,,Apoleya,Gleason,Genus,Illegitimate,2644498,,,Phytologia 1: 143 (1935),", nom. illeg.",,ipni:21696-1,https://powo.science.kew.org/taxon/urn:lsid:ipni.org:names:21696-1,,wfo-4000002800,1443,,,,,Dialioideae
wfo-0000166585,2763491,Fabaceae,Dialium,lacourtianum,,Dialium lacourtianum,De Wild. ex Vermoesen,Species,Invalid,2763469,,,Man. Ess. Forest. Congo: 98 (1923),", not validly publ.",,ipni:492328-1,https://powo.science.kew.org/taxon/urn:lsid:ipni.org:names:492328-1,,wfo-0000166574,1490,,,,,Dialioideae
wfo-0000195772,2671241,Fabaceae,Baudouinia,orientalis,,Baudouinia orientalis,R.Vig.,Species,Accepted,2671241,2671237,,Notul. Syst. (Paris) 13: 351 (1948),,E. Madagascar (E. Masoala Pen.),ipni:481066-1,https://powo.science.kew.org/taxon/urn:lsid:ipni.org:names:481066-1,wfo-4000004237,,1542,,,,,Dialioideae
wfo-0000205615,2763483,Fabaceae,Dialium,indum,bursa,Dialium indum var. bursa,(de Wit) Rojo ex Kessler & Sidiyasa,Variety,Accepted,2763483,2763482,2763495,Trees Balikpapan-Samarinda: 71 (1994),,W. Malesia,ipni:982264-1,https://powo.science.kew.org/taxon/urn:lsid:ipni.org:names:982264-1,wfo-0000199437,,1599,,,,,Dialioideae
wfo-0000186778,2644500,Fabaceae,Apuleia,leiocarpa,,Apuleia leiocarpa,(Vogel) J.F.Macbr.,Species,Accepted,2644500,2644498,2346016,Contr. Gray Herb. 59: 23 (1919),,S. Trop. America to NE. Argentina,ipni:16766-2,https://powo.science.kew.org/taxon/urn:lsid:ipni.org:names:16766-2,wfo-4000002800,,1721,,,,,Dialioideae
wfo-0000166465,2763455,Fabaceae,Dialium,angolense,,Dialium angolense,Welw. ex Oliv.,Species,Accepted,2763455,2763452,,Fl. Trop. Afr. 2: 283 (1871),,WC. & S. Trop. Africa,ipni:492292-1,https://powo.science.kew.org/taxon/urn:lsid:ipni.org:names:492292-1,wfo-4000011286,,1809,,,,,Dialioideae
wfo-4000013208,2787570,Fabaceae,Eligmocarpus,,,Eligmocarpus,Capuron,Genus,Accepted,2787570,,,"Adansonia, n.s., 8: 205 (1968)",,Madagascar,ipni:22353-1,https://powo.science.kew.org/taxon/urn:lsid:ipni.org:names:22353-1,wfo-4100002417,,2201,,,,,Dialioideae
wfo-4000011286,2763452,Fabaceae,Dialium,,,Dialium,L.,Genus,Accepted,2763452,,,Mant. Pl. 1: 3 (1767),,Tropics & Subtropics,ipni:22238-1,https://powo.science.kew.org/taxon/urn:lsid:ipni.org:names:22238-1,wfo-4100002417,,2251,,,,,Dialioideae
wfo-4000033119,2428909,Fabaceae,Rhynchocarpa,,,Rhynchocarpa,Backer ex K.Heyne,Genus,Illegitimate,2763452,,,"Nutt. Pl. Ned.-Ind., ed. 2. 2: 739 (1927)",", nom. illeg.",,ipni:23434-1,https://powo.science.kew.org/taxon/urn:lsid:ipni.org:names:23434-1,,wfo-4000011286,2827,,,,,Dialioideae
wfo-0000561493,2671242,Fabaceae,Baudouinia,perrieri,,Baudouinia perrieri,R.Vig. ex H.Perrier,Species,Synonym,2671243,,,"Bull. Acad. Malgache, n.s., 15: 7 (1932 publ. 1933)",,,ipni:481067-1,https://powo.science.kew.org/taxon/urn:lsid:ipni.org:names:481067-1,,wfo-0000195774,2921,,,,,Dialioideae
wfo-0000642795,2763505,Fabaceae,Dialium,nitidum,,Dialium nitidum,(Sol. ex Vahl) Guill. & Perr.,Species,Synonym,2763477,,2730064,Fl. Seneg. Tent.: 269 (1832),,,ipni:492339-1,https://powo.science.kew.org/taxon/urn:lsid:ipni.org:names:492339-1,,wfo-0000166689,2947,,,,,Dialioideae
wfo-0000195766,2763535,Fabaceae,Dialium,unifoliolatum,,Dialium unifoliolatum,Capuron,Species,Accepted,2763535,2763452,,"Adansonia, n.s., 8: 214 (1968)",,E. Madagascar,ipni:492366-1,https://powo.science.kew.org/taxon/urn:lsid:ipni.org:names:492366-1,wfo-4000011286,,3234,,,,,Dialioideae
wfo-0000199438,2763484,Fabaceae,Dialium,javanicum,,Dialium javanicum,Burm.f.,Species,Synonym,3256459,,,Fl. Indica: 12 (1768),,,ipni:492322-1,https://powo.science.kew.org/taxon/urn:lsid:ipni.org:names:492322-1,,wfo-0000205619,3887,,,,,Dialioideae
wfo-0000613955,2730063,Fabaceae,Codarium,discolor,,Codarium discolor,DC.,Species,Synonym,2763477,,,Prodr. 2: 520 (1825),,,ipni:486654-1,https://powo.science.kew.org/taxon/urn:lsid:ipni.org:names:486654-1,,wfo-0000166689,3982,,,,,Dialioideae
wfo-0000642790,2763493,Fabaceae,Dialium,laurentii,,Dialium laurentii,De Wild.,Species,Synonym,2763539,,,Miss. Ém. Laurent: 100 (1905),,,ipni:492330-1,https://powo.science.kew.org/taxon/urn:lsid:ipni.org:names:492330-1,,wfo-0000166887,4431,,,,,Dialioideae
wfo-1200000652,2763516,Fabaceae,Dialium,platysepalum,wallichii,Dialium platysepalum var. wallichii,Baker,Variety,Synonym,2763515,,,"J.D.Hooker, Fl. Brit. India 2: 270 (1878)",,,ipni:77306853-1,https://powo.science.kew.org/taxon/urn:lsid:ipni.org:names:77306853-1,,wfo-0000199442,4540,,,,,Dialioideae
wfo-0000642786,2763467,Fabaceae,Dialium,discolor,,Dialium discolor,Hook.f.,Species,Synonym,2763477,,,"W.J.Hooker, Niger Fl.: 329 (1849)",,,ipni:492305-1,https://powo.science.kew.org/taxon/urn:lsid:ipni.org:names:492305-1,,wfo-0000166689,4784,,,,,Dialioideae
wfo-0000195768,2671239,Fabaceae,Baudouinia,fluggeiformis,,Baudouinia fluggeiformis,Baill.,Species,Accepted,2671239,2671237,,Adansonia 8: 201 (1868),,Madagascar,ipni:481064-1,https://powo.science.kew.org/taxon/urn:lsid:ipni.org:names:481064-1,wfo-4000004237,,5782,,,,,Dialioideae
wfo-0000173461,2763468,Fabaceae,Dialium,divaricatum,,Dialium divaricatum,(Willd.) Vahl,Species,Synonym,2763476,,2653060,Enum. Pl. Obs. 1: 303 (1804),,,ipni:492306-1,https://powo.science.kew.org/taxon/urn:lsid:ipni.org:names:492306-1,,wfo-0000170401,5882,,,,,Dialioideae
wfo-0000193085,2787571,Fabaceae,Eligmocarpus,cynometroides,,Eligmocarpus cynometroides,Capuron,Species,Accepted,2787571,2787570,,"Adansonia, n.s., 8: 205 (1968)",,SE. Madagascar,ipni:493751-1,https://powo.science.kew.org/taxon/urn:lsid:ipni.org:names:493751-1,wfo-4000013208,,6467,,,,,Dialioideae
wfo-0000186538,2763510,Fabaceae,Dialium,ovoideum,,Dialium ovoideum,Thwaites,Species,Accepted,2763510,2763452,,Enum. Pl. Zeyl.: 97 (1859),,Sri Lanka,ipni:492342-1,https://powo.science.kew.org/taxon/urn:lsid:ipni.org:names:492342-1,wfo-4000011286,,6853,,,,,Dialioideae
wfo-1000002906,3273507,Fabaceae,Dialium,heterophyllum,,Dialium heterophyllum,M.J.Falcão & Mansano,Species,Accepted,3273507,2763452,,Phytotaxa 477: 49 (2020),,NW. Brazil to Bolivia,ipni:77214671-1,https://powo.science.kew.org/taxon/urn:lsid:ipni.org:names:77214671-1,wfo-4000011286,,7217,,,,,Dialioideae
wfo-0000205617,2763494,Fabaceae,Dialium,laurinum,,Dialium laurinum,Baker,Species,Synonym,3256459,,,"J.D.Hooker, Fl. Brit. India 2: 269 (1878)",,,ipni:492331-1,https://powo.science.kew.org/taxon/urn:lsid:ipni.org:names:492331-1,,wfo-0000205619,7274,,,,,Dialioideae
wfo-0000170401,2763476,Fabaceae,Dialium,guianense,,Dialium guianense,(Aubl.) Sandwith,Species,Accepted,2763476,2763452,2653061,Lloydia 2: 184 (1939),,S. Mexico to S. Trop. America,ipni:78900-2,https://powo.science.kew.org/taxon/urn:lsid:ipni.org:names:78900-2,wfo-4000011286,,7356,,,,,Dialioideae
wfo-0000205616,2763495,Fabaceae,Dialium,laurinum,bursa,Dialium laurinum var. bursa,de Wit,Variety,Synonym,2763483,,,Blumea 7: 320 (1953),,,,https://powo.science.kew.org/taxon/urn:lsid:ipni.org:names:2763495-4,,wfo-0000205615,7598,,,,,Dialioideae
wfo-0000166667,2763474,Fabaceae,Dialium,gossweileri,,Dialium gossweileri,Baker f.,Species,Synonym,2763511,,,J. Bot. 66(Suppl. 1): 137 (1928),,,ipni:492312-1,https://powo.science.kew.org/taxon/urn:lsid:ipni.org:names:492312-1,,wfo-0000166755,7643,,,,,Dialioideae
wfo-0000166678,2763475,Fabaceae,Dialium,graciliflorum,,Dialium graciliflorum,Harms,Species,Accepted,2763475,2763452,,Bot. Jahrb. Syst. 53: 467 (1915),,DR Congo,ipni:492313-1,https://powo.science.kew.org/taxon/urn:lsid:ipni.org:names:492313-1,wfo-4000011286,,8190,,,,,Dialioideae
wfo-0000166700,2763479,Fabaceae,Dialium,hexasepalum,,Dialium hexasepalum,Harms,Species,Accepted,2763479,2763452,,Bot. Jahrb. Syst. 53: 470 (1915),,DR Congo,ipni:492318-1,https://powo.science.kew.org/taxon/urn:lsid:ipni.org:names:492318-1,wfo-4000011286,,8220,,,,,Dialioideae
wfo-0000195763,3256488,Fabaceae,Dialium,occidentale,occidentale,Dialium occidentale subsp. occidentale,,Subspecies,Accepted,3256488,2763506,,Unknown,,W. & SC. Madagascar,ipni:77223484-1,https://powo.science.kew.org/taxon/urn:lsid:ipni.org:names:77223484-1,wfo-0000195761,,8736,,,,,Dialioideae
wfo-0000169595,2637023,Fabaceae,Androcalymma,glabrifolium,,Androcalymma glabrifolium,Dwyer,Species,Accepted,2637023,2637022,,Ann. Missouri Bot. Gard. 44: 295 (1957),,Brazil (W. Amazonas),ipni:12632-2,https://powo.science.kew.org/taxon/urn:lsid:ipni.org:names:12632-2,wfo-4000001984,,8753,,,,,Dialioideae
wfo-0000166808,2763518,Fabaceae,Dialium,poggei,,Dialium poggei,Harms,Species,Accepted,2763518,2763452,,Bot. Jahrb. Syst. 53: 468 (1915),,DR Congo,ipni:492349-1,https://powo.science.kew.org/taxon/urn:lsid:ipni.org:names:492349-1,wfo-4000011286,,9137,,,,,Dialioideae
wfo-0000205619,3256459,Fabaceae,Dialium,indum,indum,Dialium indum var. indum,,Variety,Accepted,3256459,2763482,,Unknown,,Thailand to W. Malesia,ipni:77223415-1,https://powo.science.kew.org/taxon/urn:lsid:ipni.org:names:77223415-1,wfo-0000199437,,9188,,,,,Dialioideae
wfo-1200022690,2763488,Fabaceae,Dialium,klainei,,Dialium klainei,Pierre ex De Wild.,Species,Illegitimate,2763466,,,Bull. Jard. Bot. État Bruxelles 7: 263 (1920),", nom. illeg.",,ipni:492326-1,https://powo.science.kew.org/taxon/urn:lsid:ipni.org:names:492326-1,,wfo-0000166552,9431,,,,,Dialioideae
wfo-0000182173,2766797,Fabaceae,Dicorynia,guianensis,,Dicorynia guianensis,Amshoff,Species,Accepted,2766797,2766794,,Meded. Bot. Mus. Herb. Rijks Univ. Utrecht 52: 28 (1939),,Guianas,ipni:79811-2,https://powo.science.kew.org/taxon/urn:lsid:ipni.org:names:79811-2,wfo-4000011502,,9777,,,,,Dialioideae
wfo-0000164343,2766801,Fabaceae,Dicorynia,paraensis,breviflora,Dicorynia paraensis var. breviflora,(Benth.) Köppen,Variety,Synonym,2766805,,2766795,Brittonia 19: 59 (1967),,,ipni:79814-2,https://powo.science.kew.org/taxon/urn:lsid:ipni.org:names:79814-2,,wfo-0000164347,10282,,,,,Dialioideae
wfo-4000002799,3240717,Fabaceae,Apuleia,polygamia,,Apuleia polygamia,Saldanha,Species,Invalid,2644500,,,Config. Descr. Orgãos Fund.: 126 (1865),", nom. nud.",,ipni:77220932-1,https://powo.science.kew.org/taxon/urn:lsid:ipni.org:names:77220932-1,,wfo-0000186778,10582,,,,,Dialioideae
wfo-0001251901,2873540,Fabaceae,Apuleia,grazielana,,Apuleia grazielana,Afr.Fern.,Species,Invalid,2644500,,,Bradea 6: 284 (1994),", holotype not indicated.",,ipni:303316-2,https://powo.science.kew.org/taxon/urn:lsid:ipni.org:names:303316-2,,wfo-0000186778,10655,,,,,Dialioideae
wfo-0001443759,3011507,Fabaceae,Dialium,acuminatum,,Dialium acuminatum,Spruce ex Ll.Williams,Species,Invalid,2763476,,,"Publ. Field Mus. Nat. Hist., Bot. Ser. 15: 201 (1936)",", without a Latin descr.",,,https://powo.science.kew.org/taxon/urn:lsid:ipni.org:names:3011507-4,,wfo-0000170401,10671,,,,,Dialioideae
wfo-4000002800,2644498,Fabaceae,Apuleia,,,Apuleia,Mart.,Genus,Accepted,2644498,,,Flora 20(2 Beibl.): 123 (1837),", nom. cons.",S. Trop. America to NE. Argentina,ipni:331358-2,https://powo.science.kew.org/taxon/urn:lsid:ipni.org:names:331358-2,wfo-4100002417,,10705,,,,,Dialioideae
wfo-0000205627,2763532,Fabaceae,Dialium,trifoliolatum,,Dialium trifoliolatum,de Wit,Species,Synonym,2763490,,,Blumea 7: 321 (1953),,,ipni:492363-1,https://powo.science.kew.org/taxon/urn:lsid:ipni.org:names:492363-1,,wfo-0000205626,10777,,,,,Dialioideae
wfo-0000195762,2763499,Fabaceae,Dialium,madagascariense,occidentale,Dialium madagascariense subsp. occidentale,Capuron,Subspecies,Synonym,2763506,,,"Adansonia, n.s., 8: 213 (1968)",,,,https://powo.science.kew.org/taxon/urn:lsid:ipni.org:names:2763499-4,,wfo-0000195761,11230,,,,,Dialioideae
wfo-0000166509,2763473,Fabaceae,Dialium,fleuryi,,Dialium fleuryi,Pellegr.,Species,Invalid,2763459,,,Mém. Inst. Études Centrafr. 1: 125 (1949),", not validly publ.",,ipni:492311-1,https://powo.science.kew.org/taxon/urn:lsid:ipni.org:names:492311-1,,wfo-0000166498,11348,,,,,Dialioideae
wfo-0000613956,2730064,Fabaceae,Codarium,nitidum,,Codarium nitidum,Sol. ex Vahl,Species,Synonym,2763477,,,Enum. Pl. Obs. 1: 302 (1804),,,ipni:486655-1,https://powo.science.kew.org/taxon/urn:lsid:ipni.org:names:486655-1,,wfo-0000166689,11531,,,,,Dialioideae
wfo-0000168994,2755510,Fabaceae,Dalbergia,cucullata,,Dalbergia cucullata,Pittier,Species,Synonym,2644500,,,Bol. Soc. Venez. Ci. Nat. 8: 261 (1943),,,ipni:75929-2,https://powo.science.kew.org/taxon/urn:lsid:ipni.org:names:75929-2,,wfo-0000186778,11720,,,,,Dialioideae
wfo-0000195764,2763507,Fabaceae,Dialium,occidentale,septentrionale,Dialium occidentale subsp. septentrionale,(Capuron) Du Puy & R.Rabev.,Subspecies,Accepted,2763507,2763506,2763536,Legum. Madagascar: 63 (2002),,N. Madagascar,ipni:20004549-1,https://powo.science.kew.org/taxon/urn:lsid:ipni.org:names:20004549-1,wfo-0000195761,,11822,,,,,Dialioideae
wfo-4000003114,2653059,Fabaceae,Arouna,,,Arouna,Aubl.,Genus,Synonym,2763452,,,Hist. Pl. Guiane 1: 16 (1775),,,ipni:21718-1,https://powo.science.kew.org/taxon/urn:lsid:ipni.org:names:21718-1,,wfo-4000011286,12018,,,,,Dialioideae
wfo-0000166498,2763459,Fabaceae,Dialium,bipindense,,Dialium bipindense,Harms,Species,Accepted,2763459,2763452,,Bot. Jahrb. Syst. 53: 470 (1915),,Nigeria to WC. Trop. Africa,ipni:492296-1,https://powo.science.kew.org/taxon/urn:lsid:ipni.org:names:492296-1,wfo-4000011286,,12790,,,,,Dialioideae
wfo-0000166542,2763464,Fabaceae,Dialium,densiflorum,,Dialium densiflorum,Harms,Species,Synonym,2763539,,,Bot. Jahrb. Syst. 53: 471 (1915),,,ipni:492302-1,https://powo.science.kew.org/taxon/urn:lsid:ipni.org:names:492302-1,,wfo-0000166887,13426,,,,,Dialioideae
wfo-0000166869,2763530,Fabaceae,Dialium,tessmannii,,Dialium tessmannii,Harms,Species,Accepted,2763530,2763452,,Bot. Jahrb. Syst. 45: 303 (1910),,Nigeria to WC. Trop. Africa,ipni:492361-1,https://powo.science.kew.org/taxon/urn:lsid:ipni.org:names:492361-1,wfo-4000011286,,13794,,,,,Dialioideae
wfo-0000642784,2763457,Fabaceae,Dialium,anomalum,,Dialium anomalum,Webb,Species,Synonym,2763477,,,Hooker's J. Bot. Kew Gard. Misc. 2: 347 (1850),,,ipni:492294-1,https://powo.science.kew.org/taxon/urn:lsid:ipni.org:names:492294-1,,wfo-0000166689,13846,,,,,Dialioideae
wfo-0000533992,2636980,Fabaceae,Andradia,arborea,,Andradia arborea,Sim,Species,Synonym,2763525,,,Forest Fl. Port. E. Afr.: 47 (1909),,,ipni:474093-1,https://powo.science.kew.org/taxon/urn:lsid:ipni.org:names:474093-1,,wfo-0000166850,13927,,,,,Dialioideae
wfo-0000195771,2671240,Fabaceae,Baudouinia,louvelii,,Baudouinia louvelii,R.Vig.,Species,Accepted,2671240,2671237,,Notul. Syst. (Paris) 13: 352 (1948),,E. Madagascar (S. of Toamasina),ipni:481065-1,https://powo.science.kew.org/taxon/urn:lsid:ipni.org:names:481065-1,wfo-4000004237,,14000,,,,,Dialioideae
wfo-4100000254,2470181,Fabaceae,Zenkeria,,,Zenkeria,Arn.,Genus,Illegitimate,2644498,,,Mag. Zool. Bot. 2: 548 (1838),", nom. illeg.",,ipni:23841-1,https://powo.science.kew.org/taxon/urn:lsid:ipni.org:names:23841-1,,wfo-4000002800,14119,,,,,Dialioideae
wfo-0000205625,3256460,Fabaceae,Dialium,kunstleri,kunstleri,Dialium kunstleri var. kunstleri,,Variety,Accepted,3256460,2763489,,Unknown,,"Pen. Malaysia, Borneo",ipni:77223267-1,https://powo.science.kew.org/taxon/urn:lsid:ipni.org:names:77223267-1,wfo-0000205623,,14479,,,,,Dialioideae
wfo-0000205614,2763520,Fabaceae,Dialium,praetermissum,,Dialium praetermissum,de Wit,Species,Synonym,2763481,,,Blumea 7: 321 (1953),,,ipni:492351-1,https://powo.science.kew.org/taxon/urn:lsid:ipni.org:names:492351-1,,wfo-0000205613,14514,,,,,Dialioideae
wfo-0000205623,2763489,Fabaceae,Dialium,kunstleri,,Dialium kunstleri,Prain,Species,Accepted,2763489,2763452,,"J. Asiat. Soc. Bengal, Pt. 2, Nat. Hist. 66: 168 (1897)",,"Pen. Malaysia, Borneo",ipni:492327-1,https://powo.science.kew.org/taxon/urn:lsid:ipni.org:names:492327-1,wfo-4000011286,,15861,,,,,Dialioideae
wfo-0000195769,2671245,Fabaceae,Baudouinia,suarezensis,,Baudouinia suarezensis,Dumaz-le-Grand,Species,Synonym,2671239,,,Bull. Soc. Bot. France 100: 269 (1953),,,ipni:481070-1,https://powo.science.kew.org/taxon/urn:lsid:ipni.org:names:481070-1,,wfo-0000195768,16318,,,,,Dialioideae
wfo-0000199437,2763482,Fabaceae,Dialium,indum,,Dialium indum,L.,Species,Accepted,2763482,2763452,,Mant. Pl. 2: 24 (1771),,Thailand to W. Malesia,ipni:492321-1,https://powo.science.kew.org/taxon/urn:lsid:ipni.org:names:492321-1,wfo-4000011286,,16601,,,,,Dialioideae
wfo-0000166799,2763509,Fabaceae,Dialium,ovatum,,Dialium ovatum,Hutch. & Dalziel,Species,Invalid,2763517,,,"J.M.Dalziel, Useful Pl. W. Trop. Afr.: 190 (1937)",", not validly publ.",,ipni:492341-1,https://powo.science.kew.org/taxon/urn:lsid:ipni.org:names:492341-1,,wfo-0000166788,16886,,,,,Dialioideae
wfo-4100000318,2738150,Fabaceae,Correa,,,Correa,M.E.Becerra,Genus,Invalid,2763452,,,Folletos Divulg. Ci. Inst. Biol. 24: 3 (1936),", without a Latin descr.",,ipni:22097-1,https://powo.science.kew.org/taxon/urn:lsid:ipni.org:names:22097-1,,wfo-4000011286,17357,,,,,Dialioideae
wfo-4100000320,2727811,Fabaceae,Cleyria,,,Cleyria,Neck.,Genus,Invalid,2763452,,,Elem. Bot. 2: 183 (1790),", opus utique oppr.",,ipni:22035-1,https://powo.science.kew.org/taxon/urn:lsid:ipni.org:names:22035-1,,wfo-4000011286,18477,,,,,Dialioideae
wfo-0001053024,2644502,Fabaceae,Apuleia,molaris,,Apuleia molaris,Spruce ex Benth.,Species,Synonym,2644500,,,"C.F.P.von Martius & auct. suc. (eds.), Fl. Bras. 15(2): 177 (1870)",,,ipni:474907-1,https://powo.science.kew.org/taxon/urn:lsid:ipni.org:names:474907-1,,wfo-0000186778,18744,,,,,Dialioideae
wfo-0000166552,2763466,Fabaceae,Dialium,dinklagei,,Dialium dinklagei,Harms,Species,Accepted,2763466,2763452,,Bot. Jahrb. Syst. 26: 275 (1899),,W. & WC. Trop. Africa,ipni:492304-1,https://powo.science.kew.org/taxon/urn:lsid:ipni.org:names:492304-1,wfo-4000011286,,19126,,,,,Dialioideae
wfo-0000195767,2671238,Fabaceae,Baudouinia,capuronii,,Baudouinia capuronii,Du Puy & R.Rabev.,Species,Accepted,2671238,2671237,,Legum. Madagascar: 66 (2002),,SE. Madagascar,ipni:20004550-1,https://powo.science.kew.org/taxon/urn:lsid:ipni.org:names:20004550-1,wfo-4000004237,,19485,,,,,Dialioideae
wfo-0000166476,2763471,Fabaceae,Dialium,evrardii,,Dialium evrardii,Steyaert,Species,Synonym,2763455,,,Bull. Jard. Bot. État Bruxelles 30: 279 (1960),,,ipni:492309-1,https://powo.science.kew.org/taxon/urn:lsid:ipni.org:names:492309-1,,wfo-0000166465,19726,,,,,Dialioideae
wfo-0000166887,2763539,Fabaceae,Dialium,zenkeri,,Dialium zenkeri,Harms,Species,Accepted,2763539,2763452,,Bot. Jahrb. Syst. 30: 86 (1901),,WC. Trop. Africa,ipni:492369-1,https://powo.science.kew.org/taxon/urn:lsid:ipni.org:names:492369-1,wfo-4000011286,,20263,,,,,Dialioideae
wfo-0001054182,2644503,Fabaceae,Apuleia,praecox,,Apuleia praecox,Mart.,Species,Synonym,2644500,,,Flora 20(2 Beibl.): 123 (1837),,,ipni:474909-1,https://powo.science.kew.org/taxon/urn:lsid:ipni.org:names:474909-1,,wfo-0000186778,20733,,,,,Dialioideae
wfo-0000205631,2763537,Fabaceae,Dialium,wallichii,,Dialium wallichii,(Baker) Prain,Species,Synonym,2763515,,2763516,"J. Asiat. Soc. Bengal, Pt. 2, Nat. Hist. 66: 174 (1897)",,,ipni:492367-1,https://powo.science.kew.org/taxon/urn:lsid:ipni.org:names:492367-1,,wfo-0000199442,21099,,,,,Dialioideae
wfo-0000193195,2336145,Fabaceae,Kalappia,celebica,,Kalappia celebica,Kosterm.,Species,Accepted,2336145,2336144,,Reinwardtia 1: 452 (1952),,Sulawesi,ipni:501167-1,https://powo.science.kew.org/taxon/urn:lsid:ipni.org:names:501167-1,wfo-4000019784,,21270,,,,,Dialioideae
wfo-0000164344,2766802,Fabaceae,Dicorynia,paraensis,floribunda,Dicorynia paraensis var. floribunda,Köppen,Variety,Synonym,2766805,,,Brittonia 19: 57 (1967),,,ipni:79815-2,https://powo.science.kew.org/taxon/urn:lsid:ipni.org:names:79815-2,,wfo-0000164347,22482,,,,,Dialioideae
wfo-0001057650,2763514,Fabaceae,Dialium,pierrei,,Dialium pierrei,De Wild.,Species,Synonym,2763539,,,Bull. Jard. Bot. État Bruxelles 7: 264 (1920),,,ipni:492346-1,https://powo.science.kew.org/taxon/urn:lsid:ipni.org:names:492346-1,,wfo-0000166887,23208,,,,,Dialioideae
wfo-0000166734,2763492,Fabaceae,Dialium,latifolium,,Dialium latifolium,Harms,Species,Accepted,2763492,2763452,,Bot. Jahrb. Syst. 53: 470 (1915),,Cameroon,ipni:492329-1,https://powo.science.kew.org/taxon/urn:lsid:ipni.org:names:492329-1,wfo-4000011286,,23656,,,,,Dialioideae
wfo-0000199440,2763456,Fabaceae,Dialium,angustisepalum,,Dialium angustisepalum,Ridl.,Species,Synonym,3256459,,,Bull. Misc. Inform. Kew 1929: 255 (1929),,,ipni:492293-1,https://powo.science.kew.org/taxon/urn:lsid:ipni.org:names:492293-1,,wfo-0000205619,23694,,,,,Dialioideae
wfo-0000166710,2766807,Fabaceae,Dicorynia,uaupensis,,Dicorynia uaupensis,Spruce ex Benth.,Species,Invalid,2766805,,,"C.F.P.von Martius & auct. suc. (eds.), Fl. Bras. 15(2): 81 (1870)",", pro syn.",,ipni:492460-1,https://powo.science.kew.org/taxon/urn:lsid:ipni.org:names:492460-1,,wfo-0000164347,24861,,,,,Dialioideae
wfo-0000164347,2766805,Fabaceae,Dicorynia,paraensis,uaupensis,Dicorynia paraensis var. uaupensis,Köppen,Variety,Accepted,2766805,2766800,,Brittonia 19: 55 (1967),,E. Colombia to S. Venezuela and N. Brazil,ipni:79818-2,https://powo.science.kew.org/taxon/urn:lsid:ipni.org:names:79818-2,wfo-0000182182,,24882,,,,,Dialioideae
wfo-0000549551,2653060,Fabaceae,Arouna,divaricatum,,Arouna divaricatum,Willd.,Species,Synonym,2763476,,,"Sp. Pl., ed. 4. 1: 156 (1797)",,,ipni:475287-1,https://powo.science.kew.org/taxon/urn:lsid:ipni.org:names:475287-1,,wfo-0000170401,25836,,,,,Dialioideae
wfo-0000182182,2766800,Fabaceae,Dicorynia,paraensis,,Dicorynia paraensis,Benth.,Species,Accepted,2766800,2766794,,J. Bot. (Hooker) 2: 82 (1840),,E. Colombia to S. Venezuela and E. Peru,ipni:30086855-2,https://powo.science.kew.org/taxon/urn:lsid:ipni.org:names:30086855-2,wfo-4000011502,,26681,,,,,Dialioideae
wfo-0000169437,2539394,Fabaceae,Platymiscium,ellipticum,,Platymiscium ellipticum,Rusby,Species,Synonym,2644500,,,Bull. New York Bot. Gard. 6: 514 (1910),,,ipni:201758-2,https://powo.science.kew.org/taxon/urn:lsid:ipni.org:names:201758-2,,wfo-0000186778,26983,,,,,Dialioideae
wfo-0000166707,2766796,Fabaceae,Dicorynia,floribunda,,Dicorynia floribunda,Spruce ex Benth.,Species,Invalid,2766805,,,"C.F.P.von Martius & auct. suc. (eds.), Fl. Bras. 15(2): 82 (1870)",", pro syn.",,ipni:492454-1,https://powo.science.kew.org/taxon/urn:lsid:ipni.org:names:492454-1,,wfo-0000164347,27493,,,,,Dialioideae
wfo-0000173460,2763453,Fabaceae,Dialium,acuminatum,,Dialium acuminatum,De Wild.,Species,Synonym,2763539,,,"Ann. Mus. Congo Belge, Bot., sér. 5, 2: 139 (1907)",,,ipni:492289-1,https://powo.science.kew.org/taxon/urn:lsid:ipni.org:names:492289-1,,wfo-0000166887,27547,,,,,Dialioideae
wfo-0001057649,2763497,Fabaceae,Dialium,macranthum,,Dialium macranthum,A.Chev.,Species,Synonym,2763511,,,Vég. Ut. Afr. Trop. Franç. 9: 176 (1917),,,ipni:492332-1,https://powo.science.kew.org/taxon/urn:lsid:ipni.org:names:492332-1,,wfo-0000166755,27634,,,,,Dialioideae
wfo-0000166531,2763462,Fabaceae,Dialium,corbisieri,,Dialium corbisieri,Staner,Species,Synonym,2763519,,,Rev. Zool. Bot. Africaines 22: 242 (1932),,,ipni:492300-1,https://powo.science.kew.org/taxon/urn:lsid:ipni.org:names:492300-1,,wfo-0000166818,27779,,,,,Dialioideae
wfo-0001057648,2763487,Fabaceae,Dialium,klainei,,Dialium klainei,Pierre ex Harms,Species,Synonym,2763466,,,Bot. Jahrb. Syst. 53: 472 (1915),,,ipni:492325-1,https://powo.science.kew.org/taxon/urn:lsid:ipni.org:names:492325-1,,wfo-0000166552,27859,,,,,Dialioideae
wfo-4000010741,2756772,Fabaceae,Dansera,,,Dansera,Steenis,Genus,Synonym,2763452,,,"Bull. Jard. Bot. Buitenzorg, sér. 3, 17: 414 (1948)",,,ipni:22209-1,https://powo.science.kew.org/taxon/urn:lsid:ipni.org:names:22209-1,,wfo-4000011286,27921,,,,,Dialioideae
wfo-0000166619,2763470,Fabaceae,Dialium,eurysepalum,,Dialium eurysepalum,Harms,Species,Synonym,2763459,,,Bot. Jahrb. Syst. 53: 472 (1915),,,ipni:492308-1,https://powo.science.kew.org/taxon/urn:lsid:ipni.org:names:492308-1,,wfo-0000166498,28008,,,,,Dialioideae
wfo-0000186779,2644314,Fabaceae,Apoleya,leiocarpa,,Apoleya leiocarpa,(Vogel) Gleason,Species,Synonym,2644500,,2346016,Phytologia 1: 143 (1935),,,ipni:16728-2,https://powo.science.kew.org/taxon/urn:lsid:ipni.org:names:16728-2,,wfo-0000186778,28073,,,,,Dialioideae
wfo-0000430060,2470182,Fabaceae,Zenkeria,dalbergioides,,Zenkeria dalbergioides,Arn.,Species,Synonym,2644500,,,Mag. Zool. Bot. 2: 548 (1838),,,ipni:525932-1,https://powo.science.kew.org/taxon/urn:lsid:ipni.org:names:525932-1,,wfo-0000186778,28825,,,,,Dialioideae
wfo-0000166711,2763480,Fabaceae,Dialium,holtzii,,Dialium holtzii,Harms,Species,Accepted,2763480,2763452,,Bot. Jahrb. Syst. 49: 427 (1913),,Kenya to Mozambique,ipni:492319-1,https://powo.science.kew.org/taxon/urn:lsid:ipni.org:names:492319-1,wfo-4000011286,,28898,,,,,Dialioideae
wfo-0000167098,2773185,Fabaceae,Distemonanthus,benthamianus,,Distemonanthus benthamianus,Baill.,Species,Accepted,2773185,2773184,,Hist. Pl. 2: 135 (1870),,W. & WC. Trop. Africa,ipni:492797-1,https://powo.science.kew.org/taxon/urn:lsid:ipni.org:names:492797-1,wfo-4000012217,,28899,,,,,Dialioideae
wfo-0000166841,2763524,Fabaceae,Dialium,reygaertii,,Dialium reygaertii,De Wild.,Species,Accepted,2763524,2763452,,Bull. Jard. Bot. État Bruxelles 7: 265 (1920),,WC. Trop. Africa,ipni:492355-1,https://powo.science.kew.org/taxon/urn:lsid:ipni.org:names:492355-1,wfo-4000011286,,28910,,,,,Dialioideae
wfo-0001053023,2644315,Fabaceae,Apoleya,molaris,,Apoleya molaris,(Spruce ex Benth.) Gleason,Species,Synonym,2644500,,2644502,Phytologia 1: 143 (1935),,,ipni:16729-2,https://powo.science.kew.org/taxon/urn:lsid:ipni.org:names:16729-2,,wfo-0000186778,29472,,,,,Dialioideae
wfo-0000179433,3256491,Fabaceae,Dicorynia,paraensis,paraensis,Dicorynia paraensis var. paraensis,,Variety,Accepted,3256491,2766800,,Unknown,,E. Colombia to S. Venezuela and N. Brazil,ipni:77223049-1,https://powo.science.kew.org/taxon/urn:lsid:ipni.org:names:77223049-1,wfo-0000182182,,29929,,,,,Dialioideae
wfo-0000182686,2766806,Fabaceae,Dicorynia,spruceana,,Dicorynia spruceana,Benth.,Species,Invalid,3256491,,,"C.F.P.von Martius & auct. suc. (eds.), Fl. Bras. 15(2): 81 (1870)",", pro syn.",,ipni:492459-1,https://powo.science.kew.org/taxon/urn:lsid:ipni.org:names:492459-1,,wfo-0000179433,30205,,,,,Dialioideae
wfo-0001317422,3009137,Fabaceae,Dialium,rondoniense,,Dialium rondoniense,M.J.Falcão & Mansano,Species,Accepted,3009137,2763452,,Phytotaxa 283: 136 (2016),,"Brazil (S. Amazonas, Acre, Rondônia)",ipni:77159298-1,https://powo.science.kew.org/taxon/urn:lsid:ipni.org:names:77159298-1,wfo-4000011286,,30266,,,,,Dialioideae
wfo-0000166708,2766798,Fabaceae,Dicorynia,ingens,,Dicorynia ingens,Ducke,Species,Synonym,2766803,,,Arch. Jard. Bot. Rio de Janeiro 4: 58 (1925),,,ipni:79812-2,https://powo.science.kew.org/taxon/urn:lsid:ipni.org:names:79812-2,,wfo-0000164345,30310,,,,,Dialioideae
wfo-0000166858,2763528,Fabaceae,Dialium,soyauxii,,Dialium soyauxii,Harms,Species,Synonym,2763539,,,Bot. Jahrb. Syst. 53: 471 (1915),,,ipni:492359-1,https://powo.science.kew.org/taxon/urn:lsid:ipni.org:names:492359-1,,wfo-0000166887,30342,,,,,Dialioideae
wfo-0001347376,3009139,Fabaceae,Dialium,hexaestaminatum,,Dialium hexaestaminatum,M.J.Falcão & Mansano,Species,Accepted,3009139,2763452,,Phytotaxa 283: 131 (2016),,Colombia to NW. Venezuela,ipni:77159296-1,https://powo.science.kew.org/taxon/urn:lsid:ipni.org:names:77159296-1,wfo-4000011286,,30594,,,,,Dialioideae
wfo-0000205613,2763481,Fabaceae,Dialium,hydnocarpoides,,Dialium hydnocarpoides,de Wit,Species,Accepted,2763481,2763452,,Blumea 7: 320 (1953),,"Sumatera, Borneo",ipni:492320-1,https://powo.science.kew.org/taxon/urn:lsid:ipni.org:names:492320-1,wfo-4000011286,,30861,,,,,Dialioideae
wfo-0000199439,2763512,Fabaceae,Dialium,patens,,Dialium patens,Baker,Species,Synonym,3256459,,,"J.D.Hooker, Fl. Brit. India 2: 270 (1878)",,,ipni:492344-1,https://powo.science.kew.org/taxon/urn:lsid:ipni.org:names:492344-1,,wfo-0000205619,31866,,,,,Dialioideae
wfo-0000164346,2766804,Fabaceae,Dicorynia,paraensis,macrophylla,Dicorynia paraensis var. macrophylla,(Ducke) Köppen,Variety,Accepted,2766804,2766800,2766799,Brittonia 19: 53 (1967),,NE. Peru to N. Brazil,ipni:79817-2,https://powo.science.kew.org/taxon/urn:lsid:ipni.org:names:79817-2,wfo-0000182182,,32419,,,,,Dialioideae
wfo-0000205633,2763478,Fabaceae,Dialium,havilandii,,Dialium havilandii,Ridl.,Species,Synonym,2763515,,,Bull. Misc. Inform. Kew 1929: 255 (1929),,,ipni:492317-1,https://powo.science.kew.org/taxon/urn:lsid:ipni.org:names:492317-1,,wfo-0000199442,32461,,,,,Dialioideae
wfo-0000199442,2763515,Fabaceae,Dialium,platysepalum,,Dialium platysepalum,Baker,Species,Accepted,2763515,2763452,,"J.D.Hooker, Fl. Brit. India 2: 270 (1878)",,Thailand to W. Malesia,ipni:492347-1,https://powo.science.kew.org/taxon/urn:lsid:ipni.org:names:492347-1,wfo-4000011286,,32480,,,,,Dialioideae
wfo-0000166850,2763525,Fabaceae,Dialium,schlechteri,,Dialium schlechteri,Harms,Species,Accepted,2763525,2763452,,Bot. Jahrb. Syst. 26: 276 (1899),,Mozambique to S. Africa,ipni:492356-1,https://powo.science.kew.org/taxon/urn:lsid:ipni.org:names:492356-1,wfo-4000011286,,32584,,,,,Dialioideae
wfo-0000205628,2763486,Fabaceae,Dialium,kingii,,Dialium kingii,Prain,Species,Synonym,2763515,,,"J. Asiat. Soc. Bengal, Pt. 2, Nat. Hist. 66: 175 (1897)",,,ipni:492324-1,https://powo.science.kew.org/taxon/urn:lsid:ipni.org:names:492324-1,,wfo-0000199442,32862,,,,,Dialioideae
wfo-1200109406,3313698,Fabaceae,Dialium,indum,javanicum,Dialium indum var. javanicum,(Burm.f.) Steud.,Variety,Synonym,3256459,,2763484,"Nomencl. Bot., ed. 2. 1: 497 (1840)",,,ipni:77352110-1,https://powo.science.kew.org/taxon/urn:lsid:ipni.org:names:77352110-1,,wfo-0000205619,33021,,,,,Dialioideae
wfo-4000019784,2336144,Fabaceae,Kalappia,,,Kalappia,Kosterm.,Genus,Accepted,2336144,,,Reinwardtia 1: 451 (1952),,C. Malesia,ipni:22688-1,https://powo.science.kew.org/taxon/urn:lsid:ipni.org:names:22688-1,wfo-4100002417,,34197,,,,,Dialioideae
wfo-0000195759,2763498,Fabaceae,Dialium,madagascariense,,Dialium madagascariense,Baill. ex Drake,Species,Accepted,2763498,2763452,,"A.Grandidier, Hist. Phys. Madagascar 30: 95 (1902 publ. 1903)",,NE. Madagascar,ipni:492333-1,https://powo.science.kew.org/taxon/urn:lsid:ipni.org:names:492333-1,wfo-4000011286,,34508,,,,,Dialioideae
wfo-0000166629,2763472,Fabaceae,Dialium,excelsum,,Dialium excelsum,Louis ex Steyaert,Species,Accepted,2763472,2763452,,Bull. Soc. Roy. Bot. Belgique 84: 38 (1951),,Cameroon to W. Uganda,ipni:492310-1,https://powo.science.kew.org/taxon/urn:lsid:ipni.org:names:492310-1,wfo-4000011286,,34628,,,,,Dialioideae
wfo-0000406170,2428910,Fabaceae,Rhynchocarpa,monophylla,,Rhynchocarpa monophylla,Backer ex K.Heyne,Species,Synonym,2763521,,,"Nutt. Pl. Ned.-Ind., ed. 2. 2: 739 (1927)",,,ipni:517101-1,https://powo.science.kew.org/taxon/urn:lsid:ipni.org:names:517101-1,,wfo-0000205635,35324,,,,,Dialioideae
wfo-4000004237,2671237,Fabaceae,Baudouinia,,,Baudouinia,Baill.,Genus,Accepted,2671237,,,Adansonia 6: 193 (1866),,Madagascar,ipni:21792-1,https://powo.science.kew.org/taxon/urn:lsid:ipni.org:names:21792-1,wfo-4100002417,,36307,,,,,Dialioideae
wfo-0000205626,2763490,Fabaceae,Dialium,kunstleri,trifoliolatum,Dialium kunstleri var. trifoliolatum,(de Wit) Rojo,Variety,Accepted,2763490,2763489,2763532,Fl. Males. 12: 614 (1996),,"Pen. Malaysia, Borneo",ipni:990299-1,https://powo.science.kew.org/taxon/urn:lsid:ipni.org:names:990299-1,wfo-0000205623,,37193,,,,,Dialioideae
wfo-0000430065,2470191,Fabaceae,Zenkeria,lundii,,Zenkeria lundii,Didr.,Species,Synonym,2644500,,,Vidensk. Meddel. Naturhist. Foren. Kjøbenhavn 1853: 88 (1853),,,ipni:525933-1,https://powo.science.kew.org/taxon/urn:lsid:ipni.org:names:525933-1,,wfo-0000186778,37311,,,,,Dialioideae
wfo-0000186782,2346016,Fabaceae,Leptolobium,leiocarpum,,Leptolobium leiocarpum,Vogel,Species,Synonym,2644500,,,Linnaea 11: 393 (1837),,,ipni:502381-1,https://powo.science.kew.org/taxon/urn:lsid:ipni.org:names:502381-1,,wfo-0000186778,37468,,,,,Dialioideae
wfo-0000166745,2763508,Fabaceae,Dialium,orientale,,Dialium orientale,Baker f.,Species,Accepted,2763508,2763452,,J. Bot. 67: 195 (1929),,S. Somalia to NE. Tanzania,ipni:492340-1,https://powo.science.kew.org/taxon/urn:lsid:ipni.org:names:492340-1,wfo-4000011286,,37656,,,,,Dialioideae
wfo-0000166723,2763485,Fabaceae,Dialium,kasaiense,,Dialium kasaiense,Louis ex Steyaert,Species,Accepted,2763485,2763452,,Bull. Soc. Roy. Bot. Belgique 84: 43 (1951),,DR Congo,ipni:492323-1,https://powo.science.kew.org/taxon/urn:lsid:ipni.org:names:492323-1,wfo-4000011286,,37815,,,,,Dialioideae
wfo-0000642794,2763504,Fabaceae,Dialium,mossambicense,,Dialium mossambicense,Steyaert,Species,Synonym,2763480,,,Bull. Soc. Roy. Bot. Belgique 84: 39 (1951),,,ipni:492338-1,https://powo.science.kew.org/taxon/urn:lsid:ipni.org:names:492338-1,,wfo-0000166711,38496,,,,,Dialioideae
wfo-0000205620,2763501,Fabaceae,Dialium,marginatum,,Dialium marginatum,de Wit,Species,Synonym,3256459,,,Blumea 7: 320 (1953),,,ipni:492335-1,https://powo.science.kew.org/taxon/urn:lsid:ipni.org:names:492335-1,,wfo-0000205619,38515,,,,,Dialioideae
wfo-0000166755,2763511,Fabaceae,Dialium,pachyphyllum,,Dialium pachyphyllum,Harms,Species,Accepted,2763511,2763452,,Bot. Jahrb. Syst. 53: 468 (1915),,Nigeria to NE. Angola,ipni:492343-1,https://powo.science.kew.org/taxon/urn:lsid:ipni.org:names:492343-1,wfo-4000011286,,38669,,,,,Dialioideae
wfo-0000166563,2763529,Fabaceae,Dialium,staudtii,,Dialium staudtii,Harms,Species,Synonym,2763466,,,Bot. Jahrb. Syst. 26: 275 (1899),,,ipni:492360-1,https://powo.science.kew.org/taxon/urn:lsid:ipni.org:names:492360-1,,wfo-0000166552,38686,,,,,Dialioideae
wfo-0000642798,2763523,Fabaceae,Dialium,reticulatum,,Dialium reticulatum,Burtt Davy & MacGregor,Species,Synonym,2763508,,,Bull. Misc. Inform. Kew 1932: 261 (1932),,,ipni:492354-1,https://powo.science.kew.org/taxon/urn:lsid:ipni.org:names:492354-1,,wfo-0000166745,38870,,,,,Dialioideae
wfo-0000205630,2763454,Fabaceae,Dialium,ambiguum,,Dialium ambiguum,Prain,Species,Synonym,2763515,,,"J. Asiat. Soc. Bengal, Pt. 2, Nat. Hist. 66: 172 (1897)",,,ipni:492291-1,https://powo.science.kew.org/taxon/urn:lsid:ipni.org:names:492291-1,,wfo-0000199442,39883,,,,,Dialioideae
wfo-0000642799,2763527,Fabaceae,Dialium,simii,,Dialium simii,E.Phillips,Species,Synonym,2763469,,,Bull. Misc. Inform. Kew 1922: 194 (1922),,,ipni:492358-1,https://powo.science.kew.org/taxon/urn:lsid:ipni.org:names:492358-1,,wfo-0000166574,40677,,,,,Dialioideae
wfo-0000166574,2763469,Fabaceae,Dialium,englerianum,,Dialium englerianum,Henriq.,Species,Accepted,2763469,2763452,,Bol. Soc. Brot. 14: 48 (1899),,Cameroon to S. Africa,ipni:492307-1,https://powo.science.kew.org/taxon/urn:lsid:ipni.org:names:492307-1,wfo-4000011286,,40828,,,,,Dialioideae
wfo-0000205634,2763533,Fabaceae,Dialium,triste,,Dialium triste,de Wit,Species,Synonym,2763515,,,Blumea 7: 321 (1953),,,ipni:492364-1,https://powo.science.kew.org/taxon/urn:lsid:ipni.org:names:492364-1,,wfo-0000199442,40898,,,,,Dialioideae
wfo-0000199436,2763460,Fabaceae,Dialium,cochinchinense,,Dialium cochinchinense,Pierre,Species,Accepted,2763460,2763452,,Fl. Forest. Cochinch.: t. 384 A (1898),,Indo-China to W. Malesia,ipni:492297-1,https://powo.science.kew.org/taxon/urn:lsid:ipni.org:names:492297-1,wfo-4000011286,,41073,,,,,Dialioideae
wfo-0000166818,2763519,Fabaceae,Dialium,polyanthum,,Dialium polyanthum,Harms,Species,Accepted,2763519,2763452,,Bot. Jahrb. Syst. 53: 469 (1915),,W. & WC. Trop. Africa,ipni:492350-1,https://powo.science.kew.org/taxon/urn:lsid:ipni.org:names:492350-1,wfo-4000011286,,41256,,,,,Dialioideae
wfo-0000205618,2763534,Fabaceae,Dialium,turbinatum,,Dialium turbinatum,de Wit,Species,Synonym,3256459,,,Blumea 7: 321 (1953),,,ipni:492365-1,https://powo.science.kew.org/taxon/urn:lsid:ipni.org:names:492365-1,,wfo-0000205619,41355,,,,,Dialioideae
wfo-0001061252,2763536,Fabaceae,Dialium,unifoliolatum,septentrionale,Dialium unifoliolatum subsp. septentrionale,Capuron,Subspecies,Synonym,2763507,,,"Adansonia, n.s., 8: 216 (1968)",,,,https://powo.science.kew.org/taxon/urn:lsid:ipni.org:names:2763536-4,,wfo-0000195764,42032,,,,,Dialioideae
wfo-0000166689,2763477,Fabaceae,Dialium,guineense,,Dialium guineense,Willd.,Species,Accepted,2763477,2763452,,Arch. Bot. (Leipzig) 1(1): 31 (1796),,W. & WC. Trop. Africa,ipni:492316-1,https://powo.science.kew.org/taxon/urn:lsid:ipni.org:names:492316-1,wfo-4000011286,,42136,,,,,Dialioideae
wfo-0000166520,2763461,Fabaceae,Dialium,connaroides,,Dialium connaroides,Harms ex Baker f.,Species,Synonym,2763459,,,Legum. Trop. Africa: 645 (1930),,,,https://powo.science.kew.org/taxon/urn:lsid:ipni.org:names:2763461-4,,wfo-0000166498,42154,,,,,Dialioideae
wfo-0000166830,2763522,Fabaceae,Dialium,quinquepetalum,,Dialium quinquepetalum,Pellegr.,Species,Synonym,2763469,,,Notul. Syst. (Paris) 14: 56 (1950),,,ipni:492353-1,https://powo.science.kew.org/taxon/urn:lsid:ipni.org:names:492353-1,,wfo-0000166574,42620,,,,,Dialioideae
wfo-0001057047,2773186,Fabaceae,Distemonanthus,laxus,,Distemonanthus laxus,Oliv.,Species,Synonym,2773185,,,Fl. Trop. Afr. 2: 282 (1871),,,ipni:492798-1,https://powo.science.kew.org/taxon/urn:lsid:ipni.org:names:492798-1,,wfo-0000167098,43277,,,,,Dialioideae
wfo-4000008763,2730061,Fabaceae,Codarium,,,Codarium,Sol. ex Vahl,Genus,Synonym,2763452,,,Enum. Pl. Obs. 1: 302 (1804),,,ipni:22054-1,https://powo.science.kew.org/taxon/urn:lsid:ipni.org:names:22054-1,,wfo-4000011286,43434,,,,,Dialioideae
wfo-0000195774,2671243,Fabaceae,Baudouinia,rouxevillei,,Baudouinia rouxevillei,H.Perrier,Species,Accepted,2671243,2671237,,"Bull. Acad. Malgache, n.s., 15: 7 (1932 publ. 1933)",,SW. Madagascar (Mahafaly Plateau),ipni:481068-1,https://powo.science.kew.org/taxon/urn:lsid:ipni.org:names:481068-1,wfo-4000004237,,44079,,,,,Dialioideae
wfo-0000166766,2763538,Fabaceae,Dialium,yambataense,,Dialium yambataense,Vermoesen,Species,Synonym,2763511,,,Man. Ess. Forest. Congo: 101 (1923),,,ipni:492368-1,https://powo.science.kew.org/taxon/urn:lsid:ipni.org:names:492368-1,,wfo-0000166755,44245,,,,,Dialioideae
wfo-4000011502,2766794,Fabaceae,Dicorynia,,,Dicorynia,Benth.,Genus,Accepted,2766794,,,J. Bot. (Hooker) 2: 82 (1840),,S. Trop. America,ipni:22251-1,https://powo.science.kew.org/taxon/urn:lsid:ipni.org:names:22251-1,wfo-4100002417,,44887,,,,,Dialioideae
wfo-0000195761,2763506,Fabaceae,Dialium,occidentale,,Dialium occidentale,(Capuron) Du Puy & R.Rabev.,Species,Accepted,2763506,2763452,2763499,Legum. Madagascar: 62 (2002),,Madagascar,ipni:20004548-1,https://powo.science.kew.org/taxon/urn:lsid:ipni.org:names:20004548-1,wfo-4000011286,,45077,,,,,Dialioideae
wfo-0000193083,2671244,Fabaceae,Baudouinia,sollyiformis,,Baudouinia sollyiformis,Baill.,Species,Accepted,2671244,2671237,,Adansonia 6: 194 (1866),,N. Madagascar,ipni:481069-1,https://powo.science.kew.org/taxon/urn:lsid:ipni.org:names:481069-1,wfo-4000004237,,45537,,,,,Dialioideae
wfo-0000613954,2730062,Fabaceae,Codarium,acutifolium,,Codarium acutifolium,Afzel.,Species,Synonym,2763477,,,Neues J. Bot. 2: 233 (1807),,,ipni:486653-1,https://powo.science.kew.org/taxon/urn:lsid:ipni.org:names:486653-1,,wfo-0000166689,45682,,,,,Dialioideae
wfo-0000173463,2653061,Fabaceae,Arouna,guianensis,,Arouna guianensis,Aubl.,Species,Synonym,2763476,,,Hist. Pl. Guiane 1: 16 (1775),,,ipni:475288-1,https://powo.science.kew.org/taxon/urn:lsid:ipni.org:names:475288-1,,wfo-0000170401,45733,,,,,Dialioideae
wfo-0001347377,3009138,Fabaceae,Dialium,congestum,,Dialium congestum,M.J.Falcão & Mansano,Species,Accepted,3009138,2763452,,Phytotaxa 283: 132 (2016),,S. Colombia to Ecuador,ipni:77159297-1,https://powo.science.kew.org/taxon/urn:lsid:ipni.org:names:77159297-1,wfo-4000011286,,45899,,,,,Dialioideae
wfo-0000166777,2763513,Fabaceae,Dialium,pentandrum,,Dialium pentandrum,Louis ex Steyaert,Species,Accepted,2763513,2763452,,Bull. Soc. Roy. Bot. Belgique 84: 41 (1951),,Congo to DR Congo,ipni:492345-1,https://powo.science.kew.org/taxon/urn:lsid:ipni.org:names:492345-1,wfo-4000011286,,45963,,,,,Dialioideae
wfo-0000166706,2766795,Fabaceae,Dicorynia,breviflora,,Dicorynia breviflora,Benth.,Species,Synonym,2766805,,,"C.F.P.von Martius & auct. suc. (eds.), Fl. Bras. 15(2): 82 (1870)",,,ipni:492453-1,https://powo.science.kew.org/taxon/urn:lsid:ipni.org:names:492453-1,,wfo-0000164347,45966,,,,,Dialioideae
wfo-4000001984,2637022,Fabaceae,Androcalymma,,,Androcalymma,Dwyer,Genus,Accepted,2637022,,,Ann. Missouri Bot. Gard. 44: 295 (1957),,N. Brazil,ipni:296592-2,https://powo.science.kew.org/taxon/urn:lsid:ipni.org:names:296592-2,wfo-4100002417,,46277,,,,,Dialioideae
wfo-0000205636,2756773,Fabaceae,Dansera,procera,,Dansera procera,Steenis,Species,Illegitimate,2763521,,,"Bull. Jard. Bot. Buitenzorg, sér. 3, 17: 415 (1948)",", nom. superfl.",,ipni:490998-1,https://powo.science.kew.org/taxon/urn:lsid:ipni.org:names:490998-1,,wfo-0000205635,46347,,,,,Dialioideae
wfo-0000166487,2763458,Fabaceae,Dialium,aubrevillei,,Dialium aubrevillei,Pellegr.,Species,Synonym,2763519,,,Bull. Soc. Bot. France 80: 463 (1933),,,ipni:492295-1,https://powo.science.kew.org/taxon/urn:lsid:ipni.org:names:492295-1,,wfo-0000166818,46376,,,,,Dialioideae
wfo-0000613957,2730065,Fabaceae,Codarium,obtusifolium,,Codarium obtusifolium,Afzel.,Species,Synonym,2763477,,,Neues J. Bot. 2: 233 (1807),,,ipni:486656-1,https://powo.science.kew.org/taxon/urn:lsid:ipni.org:names:486656-1,,wfo-0000166689,47919,,,,,Dialioideae
wfo-0000205629,2763500,Fabaceae,Dialium,maingayi,,Dialium maingayi,Baker,Species,Synonym,2763515,,,"J.D.Hooker, Fl. Brit. India 2: 269 (1878)",,,ipni:492334-1,https://powo.science.kew.org/taxon/urn:lsid:ipni.org:names:492334-1,,wfo-0000199442,47996,,,,,Dialioideae
wfo-0000205624,2763465,Fabaceae,Dialium,dewittei,,Dialium dewittei,Steenis,Species,Invalid,3256460,,,"Bull. Jard. Bot. Buitenzorg, sér. 3, 17: 415 (1948)",", not validly publ.",,ipni:492303-1,https://powo.science.kew.org/taxon/urn:lsid:ipni.org:names:492303-1,,wfo-0000205625,48018,,,,,Dialioideae
wfo-0000164345,2766803,Fabaceae,Dicorynia,paraensis,ingens,Dicorynia paraensis var. ingens,(Ducke) Köppen,Variety,Accepted,2766803,2766800,2766798,Brittonia 19: 55 (1967),,Brazil (W. Pará),ipni:79816-2,https://powo.science.kew.org/taxon/urn:lsid:ipni.org:names:79816-2,wfo-0000182182,,48035,,,,,Dialioideae
wfo-4000001965,2636979,Fabaceae,Andradia,,,Andradia,Sim,Genus,Synonym,2763452,,,Forest Fl. Port. E. Afr.: 46 (1909),,,ipni:21659-1,https://powo.science.kew.org/taxon/urn:lsid:ipni.org:names:21659-1,,wfo-4000011286,48270,,,,,Dialioideae
wfo-0001057043,2730066,Fabaceae,Codarium,solanderi,,Codarium solanderi,Vahl,Species,Synonym,2763477,,,Enum. Pl. Obs. 1: 302 (1804),,,ipni:486657-1,https://powo.science.kew.org/taxon/urn:lsid:ipni.org:names:486657-1,,wfo-0000166689,48389,,,,,Dialioideae
wfo-0000203433,2763531,Fabaceae,Dialium,travancoricum,,Dialium travancoricum,Bourd.,Species,Accepted,2763531,2763452,,Indian Forester 30: 243 (1904),,SW. India,ipni:492362-1,https://powo.science.kew.org/taxon/urn:lsid:ipni.org:names:492362-1,wfo-4000011286,,48429,,,,,Dialioideae
wfo-0000642791,2763496,Fabaceae,Dialium,lopense,,Dialium lopense,Breteler,Species,Accepted,2763496,2763452,,Bull. Jard. Bot. Natl. Belg. 63: 201 (1994),,Gabon,ipni:980501-1,https://powo.science.kew.org/taxon/urn:lsid:ipni.org:names:980501-1,wfo-4000011286,,48913,,,,,Dialioideae
wfo-0000188659,2350867,Fabaceae,Labichea,deserticola,,Labichea deserticola,J.H.Ross,Species,Accepted,2350867,2350870,,Muelleria 6: 32 (1985),,Western Australia,ipni:906466-1,https://powo.science.kew.org/taxon/urn:lsid:ipni.org:names:906466-1,wfo-4000020324,,49209,,,,,Dialioideae
wfo-0000205662,2763503,Fabaceae,Dialium,modestum,,Dialium modestum,(Steenis) Steyaert,Species,Synonym,2446621,,2446621,Reinwardtia 2: 355 (1953),,,ipni:492337-1,https://powo.science.kew.org/taxon/urn:lsid:ipni.org:names:492337-1,,wfo-0000205663,49365,,,,,Dialioideae
wfo-0001268308,2368509,Fabaceae,Martiodendron,fluminense,,Martiodendron fluminense,Lombardi,Species,Accepted,2368509,2368514,,Brittonia 54: 327 (2002 publ. 2003),,"Brazil (Espírito Santo, Rio de Janeiro)",ipni:326832-2,https://powo.science.kew.org/taxon/urn:lsid:ipni.org:names:326832-2,wfo-4000023240,,49448,,,,,Dialioideae
wfo-0000653214,2774088,Fabaceae,Doga,pancheri,,Doga pancheri,(Baill.) Baum.-Bod.,Species,Synonym,2597121,,2597121,Syst. Fl. Neu-Caledonien 5: 77 (1989),,,ipni:946712-1,https://powo.science.kew.org/taxon/urn:lsid:ipni.org:names:946712-1,,wfo-0000502378,49892,,,,,Dialioideae
wfo-4000023242,2368493,Fabaceae,Martiusia,,,Martiusia,Benth.,Genus,Illegitimate,2368514,,,J. Bot. (Hooker) 2: 84 (1840),", nom. illeg.",,ipni:326831-2,https://powo.science.kew.org/taxon/urn:lsid:ipni.org:names:326831-2,,wfo-4000023240,49997,,,,,Dialioideae
wfo-0000193202,2336264,Fabaceae,Koompassia,malaccensis,,Koompassia malaccensis,Maingay,Species,Accepted,2336264,2336292,,Hooker's Icon. Pl. 12: t. 1164 (1873),,"Thailand to Pen. Malaysia, Borneo",ipni:501264-1,https://powo.science.kew.org/taxon/urn:lsid:ipni.org:names:501264-1,wfo-4000020165,,50967,,,,,Dialioideae
wfo-0000187756,2350881,Fabaceae,Labichea,nitida,,Labichea nitida,Benth.,Species,Accepted,2350881,2350870,,Fl. Austral. 2: 293 (1864),,NE. Queensland,ipni:501392-1,https://powo.science.kew.org/taxon/urn:lsid:ipni.org:names:501392-1,wfo-4000020324,,51350,,,,,Dialioideae
wfo-0000502381,2597124,Fabaceae,Storckiella,comptonii,,Storckiella comptonii,Baker f.,Species,Synonym,3239515,,,"J. Linn. Soc., Bot. 45: 296 (1921)",,,ipni:519564-1,https://powo.science.kew.org/taxon/urn:lsid:ipni.org:names:519564-1,,wfo-0001448840,51462,,,,,Dialioideae
wfo-0000364986,2350871,Fabaceae,Labichea,bipunctata,,Labichea bipunctata,Paxton,Species,Synonym,3012949,,,Paxton's Mag. Bot. 10: 150 (1843),,,ipni:501384-1,https://powo.science.kew.org/taxon/urn:lsid:ipni.org:names:501384-1,,wfo-0000187749,51481,,,,,Dialioideae
wfo-4000028898,2415668,Fabaceae,Petalogyne,,,Petalogyne,F.Muell.,Genus,Illegitimate,2538854,,,Hooker's J. Bot. Kew Gard. Misc. 8: 324 (1856),", nom. superfl.",,ipni:23195-1,https://powo.science.kew.org/taxon/urn:lsid:ipni.org:names:23195-1,,wfo-4000028915,51826,,,,,Dialioideae
wfo-4000023226,3240716,Fabaceae,Martia,,,Martia,Benth.,Genus,Orthographic,2368514,,,J. Bot. (Hooker) 2: 146 (1840),", orth. var.",,ipni:22887-1,https://powo.science.kew.org/taxon/urn:lsid:ipni.org:names:22887-1,,wfo-4000023240,52076,,,,,Dialioideae
wfo-0001360802,2597144,Fabaceae,Storckiella,pancheri,acuta,Storckiella pancheri subsp. acuta,"I.C.Nielsen, Labat & Munzinger",Subspecies,Accepted,2597144,2597121,,"Adansonia, sér. 3, 27: 225 (2005)",,N. New Caledonia,ipni:77071315-1,https://powo.science.kew.org/taxon/urn:lsid:ipni.org:names:77071315-1,wfo-0000502378,,52490,,,,,Dialioideae
wfo-0000169426,2368524,Fabaceae,Martiodendron,elatum,,Martiodendron elatum,(Ducke) Gleason,Species,Accepted,2368524,2368514,2368606,Phytologia 1: 141 (1935),,Venezuela (Amazonas) to N. Bolivia,ipni:153725-2,https://powo.science.kew.org/taxon/urn:lsid:ipni.org:names:153725-2,wfo-4000023240,,53180,,,,,Dialioideae
wfo-0001448840,3239515,Fabaceae,Storckiella,pancheri,pancheri,Storckiella pancheri subsp. pancheri,,Subspecies,Accepted,3239515,2597121,,Unknown,,C. & S. New Caledonia,ipni:77213886-1,https://powo.science.kew.org/taxon/urn:lsid:ipni.org:names:77213886-1,wfo-0000502378,,53390,,,,,Dialioideae
wfo-0001033870,2644501,Fabaceae,Apuleia,leiocarpa,molaris,Apuleia leiocarpa var. molaris,(Spruce ex Benth.) Köppen,Variety,Synonym,2644500,,2644502,unknown publication,,,,https://powo.science.kew.org/taxon/urn:lsid:ipni.org:names:2644501-4,,wfo-0000186778,53412,,,,,Dialioideae
wfo-0001373106,2415378,Fabaceae,Petalostylis,labicheoides,cassioides,Petalostylis labicheoides var. cassioides,(F.Muell.) Benth.,Variety,Synonym,2933441,,2415660,Fl. Austral. 2: 292 (1864),,,ipni:142660-3,https://powo.science.kew.org/taxon/urn:lsid:ipni.org:names:142660-3,,wfo-1200001735,53421,,,,,Dialioideae
wfo-0000179480,3031268,Fabaceae,Martiodendron,elatum,elatum,Martiodendron elatum var. elatum,,Variety,Accepted,3031268,2368524,,Unknown,,Venezuela (Amazonas) to N. Brazil,ipni:77190481-1,https://powo.science.kew.org/taxon/urn:lsid:ipni.org:names:77190481-1,wfo-0000169426,,53548,,,,,Dialioideae
wfo-4000034672,2591838,Fabaceae,Sciaplea,,,Sciaplea,Rauschert,Genus,Synonym,2763452,,,Taxon 31: 562 (1982),,,ipni:893574-1,https://powo.science.kew.org/taxon/urn:lsid:ipni.org:names:893574-1,,wfo-4000011286,53799,,,,,Dialioideae
wfo-0000174236,2539568,Fabaceae,Poeppigia,procera,,Poeppigia procera,(Poepp. ex Spreng.) C.Presl,Species,Accepted,2539568,2535922,2690049,Symb. Bot. (Pragae) 1: 16 (1831),,"Mexico to S. Trop. America, Cuba",ipni:515473-1,https://powo.science.kew.org/taxon/urn:lsid:ipni.org:names:515473-1,wfo-4000030549,,54190,,,,,Dialioideae
wfo-0000172264,2368512,Fabaceae,Martia,parvifolia,,Martia parvifolia,Benth.,Species,Synonym,2368519,,,J. Bot. (Hooker) 2: 146 (1840),,,ipni:505973-1,https://powo.science.kew.org/taxon/urn:lsid:ipni.org:names:505973-1,,wfo-0000169428,54274,,,,,Dialioideae
wfo-4000012340,2774087,Fabaceae,Doga,,,Doga,(Baill.) Baill. ex Nakai,Genus,Synonym,2478158,,,Ord. Fam. Trib. Gen. Sect. ... nov. ed.: 254 (1943),,,ipni:22292-1,https://powo.science.kew.org/taxon/urn:lsid:ipni.org:names:22292-1,,wfo-4000036790,54996,,,,,Dialioideae
wfo-0000364988,2350877,Fabaceae,Labichea,diversifolia,,Labichea diversifolia,Meisn.,Species,Synonym,3012949,,,"J.G.C.Lehmann, Pl. Preiss. 1: 23 (1844)",,,ipni:501389-1,https://powo.science.kew.org/taxon/urn:lsid:ipni.org:names:501389-1,,wfo-0000187749,55533,,,,,Dialioideae
wfo-0000469600,2538863,Fabaceae,Petalostylis,spinescens,,Petalostylis spinescens,E.Pritz.,Species,Synonym,2933441,,,Repert. Spec. Nov. Regni Veg. 15: 357 (1918),,,ipni:513173-1,https://powo.science.kew.org/taxon/urn:lsid:ipni.org:names:513173-1,,wfo-1200001735,55540,,,,,Dialioideae
wfo-0001393821,2415672,Fabaceae,Petalostylis,labicheoides,microphylla,Petalostylis labicheoides var. microphylla,Ewart & Morrison,Variety,Synonym,2933441,,,"Proc. Roy. Soc. Victoria, n.s., 26: 130 (1913)",,,ipni:142755-3,https://powo.science.kew.org/taxon/urn:lsid:ipni.org:names:142755-3,,wfo-1200001735,56570,,,,,Dialioideae
wfo-0001060996,2415503,Fabaceae,Poeppigia,procera,conferta,Poeppigia procera var. conferta,Benth.,Variety,Synonym,2535920,,,"C.F.P.von Martius & auct. suc. (eds.), Fl. Bras. 15(2): 54 (1870)",,,ipni:204712-2,https://powo.science.kew.org/taxon/urn:lsid:ipni.org:names:204712-2,,wfo-0000468398,56877,,,,,Dialioideae
wfo-0000188548,2538865,Fabaceae,Petalostylis,labicheoides,,Petalostylis labicheoides,R.Br.,Species,Accepted,2538865,2538854,,"C.Sturt, Narr. Exped. C. Australia 2(App.): 80 (1849)",,Australia,ipni:513171-1,https://powo.science.kew.org/taxon/urn:lsid:ipni.org:names:513171-1,wfo-4000028915,,56970,,,,,Dialioideae
wfo-0000188195,2350834,Fabaceae,Labichea,obtrullata,,Labichea obtrullata,J.H.Ross,Species,Accepted,2350834,2350870,,Muelleria 6: 40 (1985),,Western Australia (Yalgoo),ipni:906467-1,https://powo.science.kew.org/taxon/urn:lsid:ipni.org:names:906467-1,wfo-4000020324,,57178,,,,,Dialioideae
wfo-0000469610,2415660,Fabaceae,Petalogyne,cassioides,,Petalogyne cassioides,F.Muell.,Species,Synonym,2933441,,,Hooker's J. Bot. Kew Gard. Misc. 8: 324 (1856),,,ipni:513100-1,https://powo.science.kew.org/taxon/urn:lsid:ipni.org:names:513100-1,,wfo-1200001735,57398,,,,,Dialioideae
wfo-0001388060,2357046,Fabaceae,Labichea,diversifolia,longifolia,Labichea diversifolia var. longifolia,Meisn.,Variety,Synonym,3012949,,,"J.G.C.Lehmann, Pl. Preiss. 1: 23 (1844)",,,ipni:90031-3,https://powo.science.kew.org/taxon/urn:lsid:ipni.org:names:90031-3,,wfo-0000187749,57488,,,,,Dialioideae
wfo-0000193200,2336287,Fabaceae,Koompassia,excelsa,,Koompassia excelsa,(Becc.) Taub.,Species,Accepted,2336287,2336292,2609432,"H.G.A.Engler & K.A.E.Prantl, Nat. Pflanzenfam. 3(3): 156 (1892)",,Thailand to W. & C. Malesia,ipni:501262-1,https://powo.science.kew.org/taxon/urn:lsid:ipni.org:names:501262-1,wfo-4000020165,,57547,,,,,Dialioideae
wfo-1200001735,2933441,Fabaceae,Petalostylis,cassioides,,Petalostylis cassioides,(F.Muell.) Symon,Species,Accepted,2933441,2538854,2415660,"J.P.Jessop (ed.), Fl. Centr. Australia: 106 (1981)",,Australia,ipni:77209863-1,https://powo.science.kew.org/taxon/urn:lsid:ipni.org:names:77209863-1,wfo-4000028915,,58266,,,,,Dialioideae
wfo-0000187749,3012949,Fabaceae,Labichea,lanceolata,lanceolata,Labichea lanceolata subsp. lanceolata,,Subspecies,Accepted,3012949,2350879,,Unknown,,Western Australia,ipni:90080-3,https://powo.science.kew.org/taxon/urn:lsid:ipni.org:names:90080-3,wfo-0000187740,,58395,,,,,Dialioideae
wfo-4000023240,2368514,Fabaceae,Martiodendron,,,Martiodendron,Gleason,Genus,Accepted,2368514,,,Phytologia 1: 141 (1935),,N. South America to Bolivia,ipni:326830-2,https://powo.science.kew.org/taxon/urn:lsid:ipni.org:names:326830-2,wfo-4100002417,,59251,,,,,Dialioideae
wfo-0000578497,2690049,Fabaceae,Caesalpinia,procera,,Caesalpinia procera,Poepp. ex Spreng.,Species,Synonym,2539568,,,"Syst. Veg., ed. 16. 2: 343 (1825)",,,ipni:482873-1,https://powo.science.kew.org/taxon/urn:lsid:ipni.org:names:482873-1,,wfo-0000174236,59326,,,,,Dialioideae
wfo-0000187826,2350786,Fabaceae,Labichea,punctata,,Labichea punctata,Benth.,Species,Accepted,2350786,2350870,,"J.Lindley, Sketch Veg. Swan R.: 15 (1839)",,SW. Western Australia,ipni:501393-1,https://powo.science.kew.org/taxon/urn:lsid:ipni.org:names:501393-1,wfo-4000020324,,59406,,,,,Dialioideae
wfo-0001056934,2881943,Fabaceae,Martiusia,elata,angustifolia,Martiusia elata f. angustifolia,Ducke,Form,Synonym,2881942,,,Legum. Amaz. Bras.: 87 (1939),,,,https://powo.science.kew.org/taxon/urn:lsid:ipni.org:names:2881943-4,,wfo-0001056933,59497,,,,,Dialioideae
wfo-0000188412,2350878,Fabaceae,Labichea,eremaea,,Labichea eremaea,C.A.Gardner,Species,Accepted,2350878,2350870,,J. Roy. Soc. Western Australia 27: 175 (1942),,Western Australia,ipni:501390-1,https://powo.science.kew.org/taxon/urn:lsid:ipni.org:names:501390-1,wfo-4000020324,,60632,,,,,Dialioideae
wfo-0000187738,2350872,Fabaceae,Labichea,brassii,,Labichea brassii,C.T.White & W.D.Francis,Species,Accepted,2350872,2350870,,Proc. Roy. Soc. Queensland 41: 140 (1929),,N. Queensland,ipni:501385-1,https://powo.science.kew.org/taxon/urn:lsid:ipni.org:names:501385-1,wfo-4000020324,,60968,,,,,Dialioideae
wfo-0000169428,2368519,Fabaceae,Martiodendron,mediterraneum,,Martiodendron mediterraneum,(Mart. ex Benth.) Köppen,Species,Accepted,2368519,2368514,2634875,Brittonia 14: 203 (1962),,N. & NE. Brazil (to N. Minas Gerais),ipni:153729-2,https://powo.science.kew.org/taxon/urn:lsid:ipni.org:names:153729-2,wfo-4000023240,,61117,,,,,Dialioideae
wfo-0000468409,2535953,Fabaceae,Poeppigia,ferruginea,,Poeppigia ferruginea,Tul.,Species,Synonym,2539568,,,Arch. Mus. Hist. Nat. 4: 120 (1844),,,ipni:515472-1,https://powo.science.kew.org/taxon/urn:lsid:ipni.org:names:515472-1,,wfo-0000174236,61447,,,,,Dialioideae
wfo-0000205663,2446621,Fabaceae,Uittienia,modesta,,Uittienia modesta,Steenis,Species,Accepted,2446621,2446612,,"Bull. Jard. Bot. Buitenzorg, sér. 3, 17: 418 (1948)",,"Sumatera, Borneo",ipni:524266-1,https://powo.science.kew.org/taxon/urn:lsid:ipni.org:names:524266-1,wfo-4000039708,,61571,,,,,Dialioideae
wfo-0000172267,2634875,Fabaceae,Amphymenium,mediterraneum,,Amphymenium mediterraneum,Mart. ex Benth.,Species,Synonym,2368519,,,Comm. Legum. Gen.: 31 (1837),,,ipni:473951-1,https://powo.science.kew.org/taxon/urn:lsid:ipni.org:names:473951-1,,wfo-0000169428,61721,,,,,Dialioideae
wfo-0000187852,2350850,Fabaceae,Labichea,rupestris,,Labichea rupestris,Benth.,Species,Accepted,2350850,2350870,,"T.L.Mitchell, J. Exped. Trop. Australia: 342 (1848)",,Queensland,ipni:501394-1,https://powo.science.kew.org/taxon/urn:lsid:ipni.org:names:501394-1,wfo-4000020324,,62288,,,,,Dialioideae
wfo-0000193208,2336285,Fabaceae,Koompassia,grandiflora,,Koompassia grandiflora,Kosterm.,Species,Accepted,2336285,2336292,,"Bull. Jard. Bot. Buitenzorg, sér. 3, 18: 443 (1950)",,New Guinea,ipni:501263-1,https://powo.science.kew.org/taxon/urn:lsid:ipni.org:names:501263-1,wfo-4000020165,,63284,,,,,Dialioideae
wfo-0000172263,2368691,Fabaceae,Martiusia,excelsa,,Martiusia excelsa,Benth.,Species,Synonym,2368516,,,J. Bot. (Hooker) 2: 84 (1840),,,ipni:505982-1,https://powo.science.kew.org/taxon/urn:lsid:ipni.org:names:505982-1,,wfo-0000169427,63422,,,,,Dialioideae
wfo-0000468398,2535920,Fabaceae,Poeppigia,densiflora,,Poeppigia densiflora,Tul.,Species,Accepted,2535920,2535922,,Arch. Mus. Hist. Nat. 4: 122 (1844),,NE. Brazil (to Minas Gerais),ipni:515470-1,https://powo.science.kew.org/taxon/urn:lsid:ipni.org:names:515470-1,wfo-4000030549,,64052,,,,,Dialioideae
wfo-4000041184,2470192,Fabaceae,Zenia,,,Zenia,Chun,Genus,Accepted,2470192,,,Sunyatsenia 6: 195 (1946),,S. China to Vietnam,ipni:23839-1,https://powo.science.kew.org/taxon/urn:lsid:ipni.org:names:23839-1,wfo-4100002417,,65011,,,,,Dialioideae
wfo-0000172268,2368695,Fabaceae,Martiusia,parviflora,,Martiusia parviflora,Amshoff,Species,Synonym,2368520,,,Meded. Bot. Mus. Herb. Rijks Univ. Utrecht 52: 32 (1939),,,ipni:153741-2,https://powo.science.kew.org/taxon/urn:lsid:ipni.org:names:153741-2,,wfo-0000169429,66077,,,,,Dialioideae
wfo-0001443887,2914212,Fabaceae,Labichea,rossii,,Labichea rossii,N.Gibson,Species,Accepted,2914212,2350870,,Nuytsia 21: 91 (2011),,Western Australia,ipni:77117728-1,https://powo.science.kew.org/taxon/urn:lsid:ipni.org:names:77117728-1,wfo-4000020324,,66381,,,,,Dialioideae
wfo-0000187652,2350882,Fabaceae,Labichea,buettneriana,,Labichea buettneriana,F.Muell.,Species,Accepted,2350882,2350870,,Australas. Chem. Druggist 5(13): 12 (1882),,NE. Queensland,ipni:501386-1,https://powo.science.kew.org/taxon/urn:lsid:ipni.org:names:501386-1,wfo-4000020324,,66410,,,,,Dialioideae
wfo-0000169429,2368520,Fabaceae,Martiodendron,parviflorum,,Martiodendron parviflorum,(Amshoff) Köppen,Species,Accepted,2368520,2368514,2368695,Brittonia 14: 202 (1962),,Guianas to N. Brazil,ipni:153730-2,https://powo.science.kew.org/taxon/urn:lsid:ipni.org:names:153730-2,wfo-4000023240,,66682,,,,,Dialioideae
wfo-0001405435,2350794,Fabaceae,Labichea,teretifolia,grandistipulata,Labichea teretifolia subsp. grandistipulata,J.H.Ross,Subspecies,Accepted,2350794,2350793,,Muelleria 6: 31 (1985),,W. Western Australia,ipni:918978-1,https://powo.science.kew.org/taxon/urn:lsid:ipni.org:names:918978-1,wfo-0000188282,,67337,,,,,Dialioideae
wfo-0000192843,2597146,Fabaceae,Storckiella,vitiensis,,Storckiella vitiensis,Seem.,Species,Accepted,2597146,2478158,,"Bonplandia (Hannover) 9: 363, t. 6 (1861)",,Fiji,ipni:519567-1,https://powo.science.kew.org/taxon/urn:lsid:ipni.org:names:519567-1,wfo-4000036790,,67828,,,,,Dialioideae
wfo-0001401463,2357047,Fabaceae,Labichea,diversifolia,lanceolata,Labichea diversifolia var. lanceolata,(Benth.) Jacques,Variety,Synonym,2350879,,2350879,J. Soc. Imp. Centr. Hort. 1863: 642 (1863),", nom. superfl.",,ipni:90029-3,https://powo.science.kew.org/taxon/urn:lsid:ipni.org:names:90029-3,,wfo-0000187740,68472,,,,,Dialioideae
wfo-4000020324,2350870,Fabaceae,Labichea,,,Labichea,Gaudich. ex DC.,Genus,Accepted,2350870,,,Prodr. 2: 507 (1825),,N. Australia,ipni:22721-1,https://powo.science.kew.org/taxon/urn:lsid:ipni.org:names:22721-1,wfo-4100002417,,69096,,,,,Dialioideae
wfo-0000357713,2336265,Fabaceae,Koompassia,parvifolia,,Koompassia parvifolia,Prain,Species,Synonym,2336287,,,"J. Asiat. Soc. Bengal, Pt. 2, Nat. Hist. 66: 166 (1897)",,,ipni:501266-1,https://powo.science.kew.org/taxon/urn:lsid:ipni.org:names:501266-1,,wfo-0000193200,69438,,,,,Dialioideae
wfo-0000176703,2535951,Fabaceae,Poeppigia,excelsa,,Poeppigia excelsa,A.Rich.,Species,Synonym,2539568,,,"R.de la Sagra, Hist. Phys. Cuba, Pl. Vasc.: 484 (1846)",,,ipni:515471-1,https://powo.science.kew.org/taxon/urn:lsid:ipni.org:names:515471-1,,wfo-0000174236,69459,,,,,Dialioideae
wfo-1200027195,3306628,Fabaceae,Martiodendron,mediterraneum,concinnum,Martiodendron mediterraneum var. concinnum,Barneby ex M.J.Falcão & Mansano,Variety,Accepted,3306628,2368519,,Phytotaxa 578: 42 (2023),,Brazil (N. Minas Gerais),ipni:77311812-1,https://powo.science.kew.org/taxon/urn:lsid:ipni.org:names:77311812-1,wfo-0000169428,,70163,,,,,Dialioideae
wfo-0000193204,2336270,Fabaceae,Koompassia,beccariana,,Koompassia beccariana,Taub.,Species,Synonym,2336264,,,Ber. Deutsch. Bot. Ges. 10: 641 (1892),,,ipni:501261-1,https://powo.science.kew.org/taxon/urn:lsid:ipni.org:names:501261-1,,wfo-0000193202,70227,,,,,Dialioideae
wfo-0000188282,2350793,Fabaceae,Labichea,teretifolia,,Labichea teretifolia,C.A.Gardner,Species,Accepted,2350793,2350870,,J. Roy. Soc. Western Australia 27: 175 (1942),,W. Western Australia,ipni:501396-1,https://powo.science.kew.org/taxon/urn:lsid:ipni.org:names:501396-1,wfo-4000020324,,70605,,,,,Dialioideae
wfo-0000469609,2415379,Fabaceae,Petalogyne,labicheoides,,Petalogyne labicheoides,(R.Br.) F.Muell.,Species,Synonym,2538865,,2538865,Hooker's J. Bot. Kew Gard. Misc. 8: 325 (1856),,,ipni:513101-1,https://powo.science.kew.org/taxon/urn:lsid:ipni.org:names:513101-1,,wfo-0000188548,71620,,,,,Dialioideae
wfo-0000183271,2881944,Fabaceae,Martiusia,elata,occidentalis,Martiusia elata var. occidentalis,Ducke,Variety,Synonym,2881942,,,Arq. Inst. Biol. Veg. 2: 40 (1935),,,ipni:153736-2,https://powo.science.kew.org/taxon/urn:lsid:ipni.org:names:153736-2,,wfo-0001056933,71954,,,,,Dialioideae
wfo-0001056933,2881942,Fabaceae,Martiodendron,elatum,occidentale,Martiodendron elatum var. occidentale,(Ducke) R.C.Koeppen,Variety,Accepted,2881942,2368524,2881944,Brittonia 14: 207 (1962),,E. Peru to W. Brazil and N. Bolivia,ipni:1057902-2,https://powo.science.kew.org/taxon/urn:lsid:ipni.org:names:1057902-2,wfo-0000169426,,72731,,,,,Dialioideae
wfo-0001365543,2350880,Fabaceae,Labichea,lanceolata,brevifolia,Labichea lanceolata subsp. brevifolia,(Meisn.) J.H.Ross,Subspecies,Accepted,2350880,2350879,2357010,Muelleria 6: 39 (1985),,Western Australia,ipni:924294-1,https://powo.science.kew.org/taxon/urn:lsid:ipni.org:names:924294-1,wfo-0000187740,,72833,,,,,Dialioideae
wfo-0000172265,2368521,Fabaceae,Martiodendron,parvifolium,,Martiodendron parvifolium,(Benth.) Gleason,Species,Synonym,2368519,,2368696,Phytologia 1: 141 (1935),,,ipni:153731-2,https://powo.science.kew.org/taxon/urn:lsid:ipni.org:names:153731-2,,wfo-0000169428,72867,,,,,Dialioideae
wfo-0000169427,2368516,Fabaceae,Martiodendron,excelsum,,Martiodendron excelsum,(Benth.) Gleason,Species,Accepted,2368516,2368514,2368691,Phytologia 1: 141 (1935),,Venezuela (Amazonas) to Guyana and Brazil (Roraima),ipni:153727-2,https://powo.science.kew.org/taxon/urn:lsid:ipni.org:names:153727-2,wfo-4000023240,,73119,,,,,Dialioideae
wfo-4000023715,2368027,Fabaceae,Mendoravia,,,Mendoravia,Capuron,Genus,Accepted,2368027,,,"Adansonia, n.s., 8: 208 (1968)",,Madagascar,ipni:22926-1,https://powo.science.kew.org/taxon/urn:lsid:ipni.org:names:22926-1,wfo-4100002417,,73152,,,,,Dialioideae
wfo-0001443886,3228442,Fabaceae,Labichea,mulliganensis,,Labichea mulliganensis,A.R.Bean,Species,Accepted,3228442,2350870,,Austrobaileya 10: 196 (2017),,Queensland,ipni:77175854-1,https://powo.science.kew.org/taxon/urn:lsid:ipni.org:names:77175854-1,wfo-4000020324,,73330,,,,,Dialioideae
wfo-0001388066,2357042,Fabaceae,Labichea,punctata,lanceolata,Labichea punctata var. lanceolata,Meisn.,Variety,Synonym,2350786,,,"J.G.C.Lehmann, Pl. Preiss. 1: 24 (1844)",,,ipni:90155-3,https://powo.science.kew.org/taxon/urn:lsid:ipni.org:names:90155-3,,wfo-0000187826,73905,,,,,Dialioideae
wfo-0000187838,2350790,Fabaceae,Labichea,saxicola,,Labichea saxicola,J.H.Ross,Species,Accepted,2350790,2350870,,Muelleria 6: 32 (1985),,Northern Territory,ipni:906468-1,https://powo.science.kew.org/taxon/urn:lsid:ipni.org:names:906468-1,wfo-4000020324,,74330,,,,,Dialioideae
wfo-0000502380,2597123,Fabaceae,Storckiella,laurina,,Storckiella laurina,Gand.,Species,Synonym,3239515,,,Bull. Soc. Bot. France 60: 461 (1913),,,ipni:519565-1,https://powo.science.kew.org/taxon/urn:lsid:ipni.org:names:519565-1,,wfo-0001448840,74673,,,,,Dialioideae
wfo-0001388059,2357010,Fabaceae,Labichea,diversifolia,brevifolia,Labichea diversifolia var. brevifolia,Meisn.,Variety,Synonym,2350880,,,"J.G.C.Lehmann, Pl. Preiss. 1: 23 (1844)",,,ipni:90007-3,https://powo.science.kew.org/taxon/urn:lsid:ipni.org:names:90007-3,,wfo-0001365543,74733,,,,,Dialioideae
wfo-0000193201,2609432,Fabaceae,Abauria,excelsa,,Abauria excelsa,Becc.,Species,Synonym,2336287,,,Malesia 1: 169 (1877),,,ipni:469581-1,https://powo.science.kew.org/taxon/urn:lsid:ipni.org:names:469581-1,,wfo-0000193200,75003,,,,,Dialioideae
wfo-4000028915,2538854,Fabaceae,Petalostylis,,,Petalostylis,R.Br.,Genus,Accepted,2538854,,,"C.Sturt, Narr. Exped. C. Australia 2(App.): 79 (1849)",,Australia,ipni:23198-1,https://powo.science.kew.org/taxon/urn:lsid:ipni.org:names:23198-1,wfo-4100002417,,75209,,,,,Dialioideae
wfo-4000036790,2478158,Fabaceae,Storckiella,,,Storckiella,Seem.,Genus,Accepted,2478158,,,Bonplandia (Hannover) 9: 363 (1861),,NE. Australia to SW. Pacific,ipni:23621-1,https://powo.science.kew.org/taxon/urn:lsid:ipni.org:names:23621-1,wfo-4100002417,,76156,,,,,Dialioideae
wfo-0000192575,2470202,Fabaceae,Zenia,insignis,,Zenia insignis,Chun,Species,Accepted,2470202,2470192,,Sunyatsenia 6: 196 (1946),,S. China to N. Vietnam,ipni:525924-1,https://powo.science.kew.org/taxon/urn:lsid:ipni.org:names:525924-1,wfo-4000041184,,76463,,,,,Dialioideae
wfo-0000172260,2368606,Fabaceae,Martiusia,elata,,Martiusia elata,Ducke,Species,Synonym,2368524,,,Arch. Jard. Bot. Rio de Janeiro 3: 116 (1922),,,ipni:153735-2,https://powo.science.kew.org/taxon/urn:lsid:ipni.org:names:153735-2,,wfo-0000169426,76471,,,,,Dialioideae
wfo-0000733889,2869285,Fabaceae,Ramirezia,cubensis,,Ramirezia cubensis,A.Rich.,Species,Synonym,2539568,,,"R.de la Sagra, Hist. Phys. Cuba, Pl. Vasc.: t. 39 (1846)",,,ipni:517059-1,https://powo.science.kew.org/taxon/urn:lsid:ipni.org:names:517059-1,,wfo-0000174236,77600,,,,,Dialioideae
wfo-4000032507,2869284,Fabaceae,Ramirezia,,,Ramirezia,A.Rich.,Genus,Synonym,2535922,,,"R.de la Sagra, Hist. Phys. Cuba, Pl. Vasc.: t. 39 (1846)",,,ipni:23416-1,https://powo.science.kew.org/taxon/urn:lsid:ipni.org:names:23416-1,,wfo-4000030549,77620,,,,,Dialioideae
wfo-0000172266,2368696,Fabaceae,Martiusia,parvifolia,,Martiusia parvifolia,Benth.,Species,Synonym,2368519,,,J. Bot. (Hooker) 2: 103 (1840),,,ipni:505987-1,https://powo.science.kew.org/taxon/urn:lsid:ipni.org:names:505987-1,,wfo-0000169428,78251,,,,,Dialioideae
wfo-4000039708,2446612,Fabaceae,Uittienia,,,Uittienia,Steenis,Genus,Accepted,2446612,,,"Bull. Jard. Bot. Buitenzorg, sér. 3, 17: 416 (1948)",,W. Malesia,ipni:23744-1,https://powo.science.kew.org/taxon/urn:lsid:ipni.org:names:23744-1,wfo-4100002417,,80449,,,,,Dialioideae
wfo-0000187832,2350874,Fabaceae,Labichea,cassioides,,Labichea cassioides,Gaudich. ex DC.,Species,Accepted,2350874,2350870,,Prodr. 2: 507 (1825),,NW. & W. Western Australia,ipni:501387-1,https://powo.science.kew.org/taxon/urn:lsid:ipni.org:names:501387-1,wfo-4000020324,,81341,,,,,Dialioideae
wfo-0000187626,3012950,Fabaceae,Labichea,teretifolia,teretifolia,Labichea teretifolia subsp. teretifolia,,Subspecies,Accepted,3012950,2350793,,Unknown,,W. Western Australia,ipni:90281-3,https://powo.science.kew.org/taxon/urn:lsid:ipni.org:names:90281-3,wfo-0000188282,,81933,,,,,Dialioideae
wfo-1200096321,3310436,Fabaceae,Martiodendron,mediterraneum,mediterraneum,Martiodendron mediterraneum var. mediterraneum,,Variety,Accepted,3310436,2368519,,Unknown,,N. & NE. Brazil,,https://powo.science.kew.org/taxon/urn:lsid:ipni.org:names:3310436-4,wfo-0000169428,,82744,,,,,Dialioideae
wfo-0000183273,2368518,Fabaceae,Martiodendron,macrocarpon,,Martiodendron macrocarpon,Gleason,Species,Synonym,2881942,,,Phytologia 1: 142 (1935),,,ipni:153728-2,https://powo.science.kew.org/taxon/urn:lsid:ipni.org:names:153728-2,,wfo-0001056933,83013,,,,,Dialioideae
wfo-4000000018,2609431,Fabaceae,Abauria,,,Abauria,Becc.,Genus,Synonym,2336292,,,Malesia 1: 169 (1877),,,ipni:21547-1,https://powo.science.kew.org/taxon/urn:lsid:ipni.org:names:21547-1,,wfo-4000020165,83421,,,,,Dialioideae
wfo-0000193084,2368037,Fabaceae,Mendoravia,dumaziana,,Mendoravia dumaziana,Capuron,Species,Accepted,2368037,2368027,,"Adansonia, n.s., 8: 208 (1968)",,SE. Madagascar,ipni:507152-1,https://powo.science.kew.org/taxon/urn:lsid:ipni.org:names:507152-1,wfo-4000023715,,83889,,,,,Dialioideae
wfo-0000188650,2478157,Fabaceae,Storckiella,australiensis,,Storckiella australiensis,J.H.Ross & B.Hyland,Species,Accepted,2478157,2478158,,Muelleria 5: 215 (1983),,NE. Queensland,ipni:903157-1,https://powo.science.kew.org/taxon/urn:lsid:ipni.org:names:903157-1,wfo-4000036790,,85322,,,,,Dialioideae
wfo-4000020165,2336292,Fabaceae,Koompassia,,,Koompassia,Maingay ex Benth.,Genus,Accepted,2336292,,,Hooker's Icon. Pl. 12: t. 1164 (1873),,Thailand to New Guinea,ipni:22706-1,https://powo.science.kew.org/taxon/urn:lsid:ipni.org:names:22706-1,wfo-4100002417,,85374,,,,,Dialioideae
wfo-0000172262,2368510,Fabaceae,Martia,excelsa,,Martia excelsa,Benth.,Species,Synonym,2368516,,,J. Bot. (Hooker) 2: 146 (1840),,,ipni:505971-1,https://powo.science.kew.org/taxon/urn:lsid:ipni.org:names:505971-1,,wfo-0000169427,85995,,,,,Dialioideae
wfo-0000188312,2350791,Fabaceae,Labichea,stellata,,Labichea stellata,J.H.Ross,Species,Accepted,2350791,2350870,,Muelleria 6: 45 (1985),,SW. Western Australia,ipni:906469-1,https://powo.science.kew.org/taxon/urn:lsid:ipni.org:names:906469-1,wfo-4000020324,,86126,,,,,Dialioideae
wfo-0001388064,2357045,Fabaceae,Labichea,nitida,pinnata,Labichea nitida var. pinnata,F.Muell.,Variety,Synonym,2350872,,,Fragm. 10: 7 (1876),,,ipni:90106-3,https://powo.science.kew.org/taxon/urn:lsid:ipni.org:names:90106-3,,wfo-0000187738,86273,,,,,Dialioideae
wfo-0000502379,2597122,Fabaceae,Storckiella,neocaledonica,,Storckiella neocaledonica,"I.C.Nielsen, Labat & Munzinger",Species,Accepted,2597122,2478158,,"Adansonia, sér. 3, 27: 219 (2005)",,New Caledonia,ipni:77071314-1,https://powo.science.kew.org/taxon/urn:lsid:ipni.org:names:77071314-1,wfo-4000036790,,86582,,,,,Dialioideae
wfo-0000187740,2350879,Fabaceae,Labichea,lanceolata,,Labichea lanceolata,Benth.,Species,Accepted,2350879,2350870,,"S.L.Endlicher & al., Enum. Pl. Hügel: 41 (1837)",,Western Australia,ipni:501391-1,https://powo.science.kew.org/taxon/urn:lsid:ipni.org:names:501391-1,wfo-4000020324,,86986,,,,,Dialioideae
wfo-4000030549,2535922,Fabaceae,Poeppigia,,,Poeppigia,C.Presl,Genus,Accepted,2535922,,,Symb. Bot. (Pragae) 1: 15 (1831),,Mexico to Trop. America,ipni:30241950-2,https://powo.science.kew.org/taxon/urn:lsid:ipni.org:names:30241950-2,wfo-4100002417,,87548,,,,,Dialioideae
wfo-0000188308,2350876,Fabaceae,Labichea,digitata,,Labichea digitata,Benth.,Species,Accepted,2350876,2350870,,"T.L.Mitchell, J. Exped. Trop. Australia: 273 (1848)",,E. Queensland,ipni:501388-1,https://powo.science.kew.org/taxon/urn:lsid:ipni.org:names:501388-1,wfo-4000020324,,87849,,,,,Dialioideae
wfo-0000469605,2538876,Fabaceae,Petalostylis,millefolium,,Petalostylis millefolium,E.Pritz.,Species,Synonym,2933441,,,Bot. Jahrb. Syst. 35: 275 (1904),,,ipni:513172-1,https://powo.science.kew.org/taxon/urn:lsid:ipni.org:names:513172-1,,wfo-1200001735,88362,,,,,Dialioideae
wfo-0000502378,2597121,Fabaceae,Storckiella,pancheri,,Storckiella pancheri,Baill.,Species,Accepted,2597121,2478158,,Adansonia 9: 205 (1869),,New Caledonia,ipni:519566-1,https://powo.science.kew.org/taxon/urn:lsid:ipni.org:names:519566-1,wfo-4000036790,,88628,,,,,Dialioideae
wfo-0001057437,2350792,Fabaceae,Labichea,tephrosiifolia,,Labichea tephrosiifolia,Meisn.,Species,Synonym,2350874,,,Bot. Zeitung (Berlin) 13: 12 (1855),,,ipni:501395-1,https://powo.science.kew.org/taxon/urn:lsid:ipni.org:names:501395-1,,wfo-0000187832,89141,,,,,Dialioideae
wfo-0000498917,2591848,Fabaceae,Sciaplea,sciap-sciaple,,Sciaplea sciap-sciaple,(Chiov.) Rauschert,Species,Synonym,2763508,,,Taxon 31: 562 (1982),,,ipni:911288-1,https://powo.science.kew.org/taxon/urn:lsid:ipni.org:names:911288-1,,wfo-0000166745,89547,,,,,Dialioideae
wfo-0000205635,2763521,Fabaceae,Dialium,procerum,,Dialium procerum,Steyaert,Species,Provisionally Accepted,,2763452,,Reinwardtia 2: 355 (1953),", nom. superfl.",W. Malesia,ipni:492352-1,https://powo.science.kew.org/taxon/urn:lsid:ipni.org:names:492352-1,wfo-4000011286,,89707,,,,,Dialioideae
wfo-4100002417,89129,,,,,Dialioideae,,subfamily,Accepted,,,,Taxon 66(1): 69 (2017),,,,,wfo-7000000323,,89754,,,,,Dialioideae
